Campaign,Chapter,Guid,Description,Container,Stage,X,Y,Z,Pitch,Yaw,Roll,Tags,Include,Exclude,Events
Ethan,-1,,[EXTRA] First cabin / barrel outside porch,,40502,-199.4,10.2,79.5,0,0,0,chapteronly,,,hunting.multi|porch
Ethan,1,,[EXTRA] First cabin / porch,,40502,-197.3,10.1,81,0,0,0,chapteronly,,,
Ethan,1,,[EXTRA] First cabin / first room / bed,,40510,-185.2,10.7,74,0,0,0,chapteronly,,,
Ethan,1,22f519ca-c70b-4dca-9516-a10d7789a2cd,Green Herb x1,,40200,0,0,0,0,0,0,chapteronly,,,
Ethan,2,a9dfcf94-947d-47c1-8d1c-7c11846fac86,Crystal Marble x1,,44110,0,0,0,0,0,0,chapteronly preserve,,,
Ethan,4,3902f4d3-d654-47fb-bbf7-f100d0d64072,Rhinoceros Beetle x1,,43400,0,0,0,0,0,0,chapteronly,,,
Ethan,4,16b44412-e6b9-489c-a52a-7788dbae12f7,Yellow Diamond x1,boss,45302,0,0,0,0,0,0,chapteronly,,treasure weapon,
Ethan,4,7d29d887-3201-4fdf-95db-c9a4099da28c,Handgun Ammo x20,,45302,0,0,0,0,0,0,chapteronly,,,
Ethan,4,4b61ee39-d1a8-4a13-a14a-b5222d7f7adc,Resources (Small) x1,,45302,0,0,0,0,0,0,chapteronly,,,
Ethan,4,a4c8e683-40fb-460c-a418-724c9fa70d47,Handgun Ammo x25,,45302,0,0,0,0,0,0,chapteronly,,,
Ethan,4,460e2007-6fcd-4cff-8e04-e7e7f11f60d2,Gunpowder x5,,45302,0,0,0,0,0,0,chapteronly,,,
Ethan,4,287b2e0e-4368-4cce-84f8-355c1efba5e8,Kitchen Knife x1,,45302,0,0,0,0,0,0,chapteronly,,,
Ethan,4,bf08c52a-f21a-422c-9605-ec7f5dbe7478,Green Herb x1,,45302,0,0,0,0,0,0,chapteronly,,,
Ethan,4,e6c34215-4d8b-4007-b839-bdcc2c584a9a,Red Herb x1,,45302,0,0,0,0,0,0,chapteronly,,,
Ethan,5,087a7c59-f83e-4a09-b151-52b92d52af78,Hand Grenade x1,,43311,0,0,0,0,0,0,chapteronly,,,
Ethan,5,a927f63c-0f06-482e-831a-2bc737ffe500,Handgun Ammo x20,,43311,0,0,0,0,0,0,chapteronly,,,
Ethan,5,34f63a78-5c07-4466-a8ba-809bc182e2af,Gunpowder x10,,43311,0,0,0,0,0,0,chapteronly,,,
Ethan,5,2efd5e29-afb3-41d7-bf59-9c6e40f633d9,Kitchen Knife x1,,43311,0,0,0,0,0,0,chapteronly,,,
Ethan,5,b1f8daca-2a8b-49b0-8868-660193416dcc,Resource (Large) x1,,43311,0,0,0,0,0,0,chapteronly,,,
Ethan,5,186dd826-1b3b-4866-96ac-3f91833ae616,Green Herb x1,,43311,0,0,0,0,0,0,chapteronly,,,
Ethan,5,6f3a41b4-e854-4b31-b36f-5e432a0b8235,Wooden Planks x1,,43311,0,0,0,0,0,0,chapteronly preserve,,,
Ethan,1,7a166d5b-c9d6-4ca0-8292-5ac2c3ea825b,Green Herb x1,,40510,0,0,0,0,0,0,,,,
Ethan,1,d6876afa-1b5b-4444-a674-c4fa3b420db4,Hunter's Lodge Key x1,,40510,0,0,0,0,0,0,preserve,,,
Ethan,1,b0db3874-bb80-4810-ab80-18678be89fe4,Handgun Ammo x12,,40504,0,0,0,0,0,0,,,,
Ethan,1,2f044378-b144-44b5-ab96-2bc529adf8aa,Pesetas x200,,40504,0,0,0,0,0,0,,,,
Ethan,1,c0fd9f8a-6899-484d-802f-b6f78300e08c,Gunpowder x2,,40530,0,0,0,0,0,0,,,,
Ethan,1,7dd282d8-8a8b-49ea-8969-975599eeb399,Handgun Ammo x8,,40504,0,0,0,0,0,0,,,,
Ethan,1,10e4873d-d319-40df-8f53-484969787c72,Pesetas x150,,40504,0,0,0,0,0,0,,,,
Ethan,1,dc2e049e-ab84-4d44-8724-056e815a3569,Red Herb x1,,40505,0,0,0,0,0,0,,,,
Ethan,1,c4c3821f-8611-47c2-b2f7-a60ed3410e13,Handgun Ammo x7,,40505,0,0,0,0,0,0,,,,
Ethan,1,1318f050-6c44-43ff-acb9-36bb6478a78f,Flash Grenade x1,,40505,0,0,0,0,0,0,,,,
Ethan,1,5669e67a-8d34-4a8c-944d-472e9345a6d3,Shotgun Shells x3,,40210,0,0,0,0,0,0,,,,
Ethan,1,cb8b64ce-38b1-40f2-8276-c5e815782a85,Green Herb x1,,40200,0,0,0,0,0,0,,,,
Ethan,5,91f26b7e-c9f2-4645-acb1-8240d7de2947,Vintage Compass x1,smallkey,40210,0,0,0,0,0,0,,treasure weapon,,
Ethan,1,3d1da35b-c5ca-4056-8946-50cf81ca487a,Handgun Ammo x10,,40200,0,0,0,0,0,0,,,,
Ethan,1,bd3288ac-5646-4290-9603-5052e2a88721,Green Herb x1,,40200,0,0,0,0,0,0,,,,
Ethan,1,ee42961c-2da1-4131-ba37-91909c46180e,Red Herb x1,,40200,0,0,0,0,0,0,,,,
Ethan,1,bb6ad758-09a8-4953-9ea6-efef58d02fe8,Hand Grenade x1,,40210,0,0,0,0,0,0,,,,
Ethan,1,36416bae-5da5-494c-bece-e5ff7cbbbf9e,Hand Grenade x1,,40211,0,0,0,0,0,0,,,,
Ethan,1,55c55c23-73c5-4c4f-9e9e-bbc45347edd0,Handgun Ammo x10,,40210,0,0,0,0,0,0,,,,
Ethan,1,196a3dbd-92f6-4280-a46e-7df9c5ea52fc,First Aid Spray x1,,40210,0,0,0,0,0,0,,,,
Ethan,1,a0780a23-5252-4334-9d76-5a2f69a1998c,Ruby x1,,40200,0,0,0,0,0,0,,,,
Ethan,1,0f392d46-1b87-4bbe-aa1e-e855df4eeb7f,W-870 x5,display,40210,0,0,0,0,0,0,,treasure weapon,,
Ethan,1,64c086ca-b513-4e15-9076-8064d5dc758b,Velvet Blue x1,,40210,0,0,0,0,0,0,,,,
Ethan,5,a944127e-273f-4538-819a-9ec5253a9c7f,Elegant Bangle x1,ashley,40200,0,0,0,0,0,0,,,,
Ethan,1,4526972b-c59e-4030-9a36-b0e79d2babec,Ornate Necklace x1,,40200,0,0,0,0,0,0,dlc,,,
Ethan,1,5146332b-4869-4271-840b-ccfa61814e3b,Silver Token x1,,40200,0,0,0,0,0,0,dlc,,,
Ethan,1,fc404c8c-dab8-47a1-b819-2bf811d8b10b,First Aid Spray x1,,40213,0,0,0,0,0,0,,,,
Ethan,1,853f288f-987c-487f-bbc2-e52ac167f827,Velvet Blue x1,,40213,0,0,0,0,0,0,,,,
Ethan,1,c58965fd-0c42-4bd4-9001-af81a1b72bdb,Shotgun Shells x3,,40213,0,0,0,0,0,0,,,,
Ethan,1,b36ba889-edc9-4e0a-9d4b-d3f27c050770,Yellow Herb x1,,43310,0,0,0,0,0,0,,,,
Ethan,1,8614deed-5f77-4254-a9bc-b69d6f8535f8,Green Herb x1,,43300,0,0,0,0,0,0,,,,
Ethan,1,37763e1e-4078-48ef-be29-8f5aa6fbbd73,Hand Grenade x1,,43300,0,0,0,0,0,0,,,,
Ethan,1,afc7f1fc-9dd2-4cef-a4a8-f0b83bddcb3a,Handgun Ammo x10,,43310,0,0,0,0,0,0,,,,
Ethan,1,4f1ca0b3-788f-4408-8b53-674a8be40966,Ruby x1,,43310,0,0,0,0,0,0,,,,
Ethan,1,985a7399-be65-469c-935c-e776e34da13d,Wooden Cog x1,,43310,0,0,0,0,0,0,preserve,,,
Ethan,1,07b4f8f5-1ada-46aa-83fb-53d8fc78462f,Kitchen Knife x1,,43310,0,0,0,0,0,0,,,,
Ethan,1,c3b42a1b-f8d7-480f-9448-e47dab4e37b0,Shotgun Shells x3,,43310,0,0,0,0,0,0,,,,
Ethan,1,11bbd6e5-34d3-48a6-8227-3bbdec3d3b97,Shotgun Shells x3,,43411,0,0,0,0,0,0,,,,
Ethan,1,8eee05a5-29b2-477d-afcf-f7046857d74a,Resources (Small) x1,,43400,0,0,0,0,0,0,,,,
Ethan,1,0ff7851a-ef8b-4d1c-afc8-58d96b4301fd,Gunpowder x3,,43400,0,0,0,0,0,0,,,,
Ethan,1,51e266d7-b077-4dba-8544-805b658fdbac,Green Herb x1,,43500,0,0,0,0,0,0,,,,
Ethan,1,61bda369-c7b0-46f5-81d9-b56825d1527b,Small Key x1,,43500,0,0,0,0,0,0,,,,
Ethan,1,47ea5d75-1530-4634-a5c4-d002180ec9d1,Handgun Ammo x5,,43400,0,0,0,0,0,0,,,,
Ethan,1,17737610-ae41-4873-a03e-fe375a8f6eac,Flagon x1,chest,43300,0,0,0,0,0,0,,treasure,,
Ethan,4,20fdbe51-1286-4cc2-bf55-b4b267647900,Pearl Bangle x1,key,43400,0,0,0,0,0,0,,treasure,,
Ethan,4,6b18f016-6936-492a-93d2-0881695a5679,Gold Bar x1,smallkey,43410,0,0,0,0,0,0,,treasure weapon,,
Ethan,4,d9d70aa6-477f-4612-a330-05724f036e2b,Red Gemstone Ring x1,long,43410,0,0,0,0,0,0,,treasure,,
Ethan,5,f0b5b9ec-d5c6-4dac-9af1-9f28ce642224,Antique Pipe x1,key,43300,0,0,0,0,0,0,,treasure,,
Ethan,1,eae69f78-a6e7-4f67-8f60-5b6416b4dc21,Pearl Pendant x1,,43300,0,0,0,0,0,0,preserve,,,
Ethan,1,0b2c70a3-c8c0-4d50-a1d7-0a4c52aaa360,Dirty Pearl Pendant x1,,43300,0,0,0,0,0,0,preserve,,,
Ethan,1,63b02474-6c38-42e3-8b7d-1949474e03dd,Sapphire x1,,43400,0,0,0,0,0,0,dlc,,,
Ethan,1,620a0568-77d4-45af-bbfe-05c2120bf5f9,Spinel x1,,43400,0,0,0,0,0,0,dlc,,,
Ethan,2,d76a84b6-357a-4161-9cb4-07aeaa0784b2,Kitchen Knife x1,,44210,0,0,0,0,0,0,,,,
Ethan,2,c1b74064-47c1-4a79-87b7-e13ee52a5e2d,"Ch2 start, first green herb",,44410,0,0,0,0,0,0,preserve,,,
Ethan,2,4dac66e5-0955-4134-b3d5-fcd5155c12af,"Ch2 start, first kitchen knife",,44410,0,0,0,0,0,0,preserve,,,
Ethan,2,9cf6b97f-88d6-4e45-b5cb-8ece96912695,Rifle Ammo x5,,44200,0,0,0,0,0,0,,,,
Ethan,2,8efda643-e482-4c90-895e-b7590bad2d6a,Rifle Ammo x5,,44410,0,0,0,0,0,0,,,,
Ethan,2,efb0612e-73d2-49ac-ab40-d6d70c4156a1,Yellow Herb x1,,44400,0,0,0,0,0,0,,,,
Ethan,2,d0644c83-84cd-4507-8201-f214ccc54999,Flash Grenade x1,,44400,0,0,0,0,0,0,,,,
Ethan,2,f030283e-0e14-4b3f-a32d-b032216be8f9,First Aid Spray x1,,44400,0,0,0,0,0,0,,,,
Ethan,2,8195486a-1cbb-4799-9a24-33c6397b90dc,Hexagonal Emblem x1,,44400,0,0,0,0,0,0,preserve,,,
Ethan,2,d31cc7cc-20da-4186-8773-52a78d1cafb3,Handgun Ammo x10,,44210,0,0,0,0,0,0,,,weapon,
Ethan,2,7aec4068-e2a7-4dcb-a933-72ae5c4bdaea,Small Key x1,,44400,0,0,0,0,0,0,,treasure,,
Ethan,2,096abb59-2dad-47cc-b34d-944fc464d393,Hand Grenade x1,,44110,0,0,0,0,0,0,,,,
Ethan,2,2c317553-d2b0-4a76-8672-0b6f6ac02e61,Hand Grenade x1,,44101,0,0,0,0,0,0,,,,
Ethan,2,6748ca28-8375-47f1-b6c7-c5136f7cb1ef,Pesetas x1000,,44110,0,0,0,0,0,0,,,,
Ethan,2,1b0416d4-4f5e-4399-8fdf-6239f28571b3,Insignia Key x1,,44110,0,0,0,0,0,0,preserve,,,
Ethan,2,680e5dc3-e7c5-41ec-aa8d-b7656e807e48,Brown Chicken Egg x1,,44110,0,0,0,0,0,0,,,,
Ethan,2,942a6929-e447-45cf-81f0-b6cd7caccb6a,Gunpowder x3,,44110,0,0,0,0,0,0,,,,
Ethan,2,36ead06d-abe4-45ae-ac9e-bc14bf135a97,Resource (Large) x1,,44201,0,0,0,0,0,0,,,,
Ethan,2,5a8888c1-b60f-43b4-b0b2-2362ae156fcf,Handgun Ammo x10,,44201,0,0,0,0,0,0,,,,
Ethan,2,7cf403d5-2ecc-4464-b2c7-e386b842d37c,Green Herb x1,,44101,0,0,0,0,0,0,,,,
Ethan,2,648d1ae2-8085-4e1e-a2f3-a7cd569927dd,Handgun Ammo x4,,44110,0,0,0,0,0,0,,,,
Ethan,2,422c2430-972b-4ea5-bca1-c3600e00b63e,Yellow Herb x1,,44110,0,0,0,0,0,0,,,,
Ethan,2,94397035-0f4a-487c-a43b-55879f83e064,Small Key x1,,44110,0,0,0,0,0,0,,treasure,,
Ethan,2,c3359c6d-7d17-4511-94bf-835b8754030e,Red Herb x1,,44110,0,0,0,0,0,0,,,,
Ethan,2,6b8764f9-f244-47c8-a400-00cafa0b9f04,Ruby x1,chest,44400,0,0,0,0,0,0,,treasure,,
Ethan,2,37260eb3-5c06-4a54-a57c-eed762c05413,Ruby x1,,44110,0,0,0,0,0,0,,,,
Ethan,2,5ed77469-09e3-4d81-8e7a-ab955bf970eb,Sapphire x1,,44101,0,0,0,0,0,0,,,,
Ethan,2,b661a20b-a5a7-41cf-981e-aaba42f5d117,Sapphire x1,chest,44201,0,0,0,0,0,0,,,,
Ethan,2,43e29273-5995-4654-ac40-dcc6082a50bd,Elegant Mask x1,smallkey,44210,0,0,0,0,0,0,,treasure weapon,,
Ethan,2,768028fb-e4d9-4c4c-ac8e-eae41a39e76f,Sapphire x1,,44210,0,0,0,0,0,0,,treasure,,
Ethan,5,a528b618-89e2-4880-a4f8-43ed01caffa0,Antique Camera x1,ashley,44110,0,0,0,0,0,0,,,,
Ethan,2,30724ff0-7d92-466e-bfa4-f922a5e1b66c,Pearl Pendant x1,,44101,0,0,0,0,0,0,preserve,,,
Ethan,2,3d2dca0e-94d4-4fbf-93dc-f26cc69afb6e,Dirty Pearl Pendant x1,,44101,0,0,0,0,0,0,preserve,,,
Ethan,2,7d70e2e9-44fa-4bd3-8373-835dbf0c7b40,Spinel x1,,44400,0,0,0,0,0,0,dlc,,,
Ethan,2,ce9baef9-fdb9-4c71-ace1-d4f70c2c7b3d,Alexandrite x1,,44201,0,0,0,0,0,0,dlc,,,
Ethan,3,0d458d18-24f9-432e-af9f-1cc565bc4105,Hand Grenade x1,,45400,0,0,0,0,0,0,,,,
Ethan,3,b2b06366-c556-402c-b31c-47f521488b8b,Bolts x5,,45401,0,0,0,0,0,0,,,,
Ethan,5,f610a292-1256-436b-bf7f-9e74baa879ed,Attachable Mines x5,,45401,0,0,0,0,0,0,,,,
Ethan,3,89c7a0d8-cd65-4b80-a770-0ce0caa994f7,Small Key x1,,45401,0,0,0,0,0,0,,treasure,,
Ethan,3,dbcfdcb8-9de7-473e-99c4-a6d95a2b31ac,Green Herb x1,,45401,0,0,0,0,0,0,,,,
Ethan,3,fc4a6bdd-20f7-471b-a1f9-acfb6291578e,Submachine Gun Ammo x30,,45401,0,0,0,0,0,0,,,,
Ethan,3,3909672c-958f-4280-81ca-8840d352341f,Handgun Ammo x15,,45401,0,0,0,0,0,0,,,,
Ethan,3,033c3874-eecc-49f6-8d00-5511c197f4ef,Handgun Ammo x10,,45302,0,0,0,0,0,0,,,,
Ethan,3,705a8224-a6f4-45df-9dd4-a05b654d83be,Resources (Small) x1,,45303,0,0,0,0,0,0,,,,
Ethan,3,47561ff7-a66f-4b91-806d-32eae4f7e8c8,Velvet Blue x1,,45302,0,0,0,0,0,0,,,,
Ethan,3,f1354d9f-36a8-45f5-96e3-8af77f21f637,Boat Fuel x1,,45410,0,0,0,0,0,0,preserve,,,
Ethan,3,eb20fe6c-a7d3-4244-88bc-8c7ded34db15,Rifle Ammo x4,,45400,0,0,0,0,0,0,,,,
Ethan,3,beea1fb2-9686-4a4a-8c90-5ae1b27cddf9,Small Key x1,,45400,0,0,0,0,0,0,,treasure,,
Ethan,3,aaa3d858-0c03-4c97-8e4f-940b19d37b67,Hexagon Piece B x1,,45400,0,0,0,0,0,0,preserve,,,
Ethan,3,432bb9a4-c9ea-4340-b0d9-6b91b54f6221,Chicken Egg x1,,45410,0,0,0,0,0,0,,,,
Ethan,3,d9d7ae27-f6ca-44bb-bc1d-31e2d10f23b0,Shotgun Shells x3,,45400,0,0,0,0,0,0,,,,
Ethan,3,f154c8b4-2f9a-4845-93bc-0af7dcb67e06,Rifle Ammo x3,,45100,0,0,0,0,0,0,,,,
Ethan,3,bc3fb2b3-369e-4ef5-bd49-bb514b995cf9,Handgun Ammo x10,,45200,0,0,0,0,0,0,,,,
Ethan,3,01c70b00-cad3-44ba-8c5f-aff487acc610,Resources (Small) x1,,45200,0,0,0,0,0,0,,,,
Ethan,3,49910003-c896-4c5e-acb8-3d231b3ef918,Chicken Egg x1,,45200,0,0,0,0,0,0,,,,
Ethan,3,c6f99736-77e1-454b-b0d3-cc8a1cb121b2,Flash Grenade x1,,45210,0,0,0,0,0,0,,,,
Ethan,3,62c6da2f-cf29-4ed0-aa53-fb5064dd2441,Resource (Large) x1,,45200,0,0,0,0,0,0,,,,
Ethan,3,2755ebe4-80cb-4a1c-b222-dfab116d73bd,Blue Dial x1,,45401,0,0,0,0,0,0,preserve,,,
Ethan,3,77df8e41-2a23-4e64-876f-a981a0765357,Hand Grenade x1,,45300,0,0,0,0,0,0,,,,
Ethan,3,ca7c0a7b-45c0-458e-969e-c2f1cea651c3,Gunpowder x3,,45300,0,0,0,0,0,0,,,,
Ethan,3,0d3094ff-23fd-4415-be8e-86a3912bdd32,Yellow Herb x1,,45500,0,0,0,0,0,0,,,,
Ethan,3,a48703e6-8f6e-463f-8b3d-e732db281b7a,Kitchen Knife x1,,45500,0,0,0,0,0,0,,,,
Ethan,3,56f1673f-5db8-4a1e-84bc-22fbcd733064,Emerald x1,,45200,0,0,0,0,0,0,dlc,,,
Ethan,4,56c6e2fb-6485-402a-bf4e-8dc7dac0f63b,Depraved Idol x1,multikey,45500,0,0,0,0,0,0,,treasure weapon,,
Ethan,3,1f5c91ce-4726-4dde-9a88-65cdcb05df55,Red Gemstone Ring x1,,45200,0,0,0,0,0,0,dlc,,,
Ethan,3,01d18f77-12d2-4c30-9758-676897c031e0,Ruby x1,,45302,0,0,0,0,0,0,,,,
Ethan,3,5eec4331-ab42-4a19-a379-77138517e693,Elegant Headdress x1,chest,45200,0,0,0,0,0,0,,treasure,,
Ethan,3,0c0f0d4b-177c-48c8-9958-702ed8a666f7,Yellow Diamond x1,smallkey,45401,0,0,0,0,0,0,,treasure weapon,,
Ethan,3,67a3014c-6aec-4999-9267-b4ceaa33b532,Antique Pipe x1,chest,45400,0,0,0,0,0,0,,treasure,,
Ethan,3,eb597315-f2b7-4f58-8c8a-ccaace88db81,Alexandrite x1,,45300,0,0,0,0,0,0,,,,
Ethan,4,69dbbc93-9e38-4b49-82cf-d8a78cd67805,Butterfly Lamp x1,key,45303,0,0,0,0,0,0,,treasure,,
Ethan,5,151a4801-d98b-4eec-b0b1-884b64f9f5c2,Yellow Diamond x1,,45401,0,0,0,0,0,0,,,,
Ethan,3,228db5bc-9b12-4496-8aa9-6d321214b8e0,Silver Token x1,,45410,0,0,0,0,0,0,dlc,,,
Ethan,5,98fdec48-9bf2-4dc5-b41b-5bc7a3f8cf40,Wellington x1,,45401,0,0,0,0,0,0,dlc,,,
Ethan,3,53f24a6c-d17f-4ec0-a5c9-26fa93a2065c,Gold Token x1,,45401,0,0,0,0,0,0,dlc,,,
Ethan,4,66a6f356-f6e6-4fdb-b636-a55d052d8212,Gold Chicken Egg x1,bawk,46100,0,0,0,0,0,0,,,,
Ethan,3,ab59a893-2379-4430-a9d1-dca64ee695d9,Chicken Egg x1,,46100,0,0,0,0,0,0,,,,
Ethan,3,63b5e0c4-bebe-45c9-a593-b0a8d9eb2523,Chicken Egg x1,,46100,0,0,0,0,0,0,,,,
Ethan,3,c73d9241-262f-41e0-a948-3181a74666ef,Brown Chicken Egg x1,,46100,0,0,0,0,0,0,,,,
Ethan,3,8abf1ac0-ad4f-49f6-91f4-4512f8da1a33,Red Herb x1,,46100,0,0,0,0,0,0,,,,
Ethan,3,f1d60034-62bc-4e7f-876b-0b1e96ddf814,Old Wayshrine Key x1,,46201,0,0,0,0,0,0,preserve,,,
Ethan,3,a951718b-d0fa-4679-961b-efb806c234a5,Yellow Herb x1,,46200,0,0,0,0,0,0,,,,
Ethan,3,37849b90-5395-43c4-a11a-ad9dd79d8218,Flash Grenade x1,,46200,0,0,0,0,0,0,,,,
Ethan,3,1d851cfa-ecc2-43c6-94e7-f52afc688243,Hand Grenade x1,,46200,0,0,0,0,0,0,,,,
Ethan,3,8cc3596d-a368-4595-acb4-8ea72c4beb66,Hexagon Piece C x1,,46110,0,0,0,0,0,0,,,,
Ethan,4,b1900d7e-963c-40b2-894b-8a9b219a9f0a,Red9 x5,chest,46100,0,0,0,0,0,0,,weapon treasure,,
Ethan,3,5116e358-571b-4583-b0f3-67844119fee4,Gold Bar (L) x1,,46100,0,0,0,0,0,0,,,,
Ethan,3,bbceba06-29d7-4d6c-b086-fc3258759052,Blasphemer's Head x1,,46100,0,0,0,0,0,0,preserve,,,
Ethan,3,82f8a752-986f-43f5-9baf-32ce0f895f74,Rifle Ammo x2,,46110,0,0,0,0,0,0,,,,
Ethan,3,687dbcd5-8676-497d-b275-7d2a3393cf5d,Apostate's Head x1,,46200,0,0,0,0,0,0,preserve,,,
Ethan,3,b7e52462-cfc7-4c0b-8b5c-11ff2aa92072,Hexagon Piece A x1,,46210,0,0,0,0,0,0,preserve,,,
Ethan,3,e006b64a-2f86-4d40-9df0-5b1cf294763e,Handgun Ammo x10,,46111,0,0,0,0,0,0,,,,
Ethan,3,936c3bfb-4af3-4271-88cf-45f00f57a675,Brass Pocket Watch x1,smallkey,46210,0,0,0,0,0,0,,treasure,,
Ethan,4,93f90f71-2757-487d-af43-8764d4bacd2e,Splendid Bangle x1,key,45300,0,0,0,0,0,0,,treasure,,
Ethan,3,348cfb43-4eda-4535-8351-e6a53e9db0ac,Ruby x1,,46110,0,0,0,0,0,0,,,,
Ethan,4,eca0aa37-e0d9-4f04-9e04-24c1e58486cc,Alexandrite x1,chest,46100,0,0,0,0,0,0,,,,
Ethan,3,98470ac3-e051-4782-8407-c3b7e04e2855,Velvet Blue x1,,46100,0,0,0,0,0,0,,,,
Ethan,3,c9b672e1-3e8e-49cd-8ff9-533e0b7f57be,Velvet Blue x1,,46200,0,0,0,0,0,0,,,,
Ethan,3,f52e1075-53c8-49fa-b93a-55c4a19f1461,Silver Token x1,,46200,0,0,0,0,0,0,dlc,,,
Ethan,3,8de2b01c-e6fc-44ad-b672-e0e5885cfb59,Ruby x1,,46110,0,0,0,0,0,0,dlc,,,
Ethan,6,637d8990-fadf-4f94-83f8-8b217cd3fb0c,Handgun Ammo x30,,47410,0,0,0,0,0,0,,,,
Ethan,6,d46bfe88-aed2-45d8-8bcd-194cd1a1375a,Green Herb x1,,47410,0,0,0,0,0,0,,,,
Ethan,6,23f180dc-3451-40f8-b1c0-be0a387601ca,Flash Grenade x1,,47410,0,0,0,0,0,0,,,,
Ethan,6,f0ad8ef6-fd64-45a7-a6c2-67e3b917d1ef,Red Herb x1,,47410,0,0,0,0,0,0,,,,
Ethan,6,43b85f52-ad59-4a67-9f11-35925ea0f284,Handgun Ammo x16,,47410,0,0,0,0,0,0,,,,
Ethan,6,02676d58-d55e-4c45-b120-9ff848d60bf5,Méndez's False Eye x1,boss,47410,0,0,0,0,0,0,,treasure weapon,,
Ethan,6,927f37d5-8085-4793-912b-8d03262d3290,Kitchen Knife x1,,47410,0,0,0,0,0,0,,,,
Ethan,6,b4193850-9562-4178-b57d-c9de191908c8,Resources (Small) x1,,47100,0,0,0,0,0,0,,,,
Ethan,6,957aaa45-dc06-46a6-833c-349b9ce4b19d,Resource (Large) x1,,47101,0,0,0,0,0,0,,,,
Ethan,6,791be4b1-590d-40c0-8e6a-e293c111c971,Rifle Ammo x5,,47100,0,0,0,0,0,0,,,,
Ethan,6,1283e04d-9864-4bef-a4b9-ebadfee44cd6,Shotgun Shells x3,,47100,0,0,0,0,0,0,,,,
Ethan,6,5e4dc33a-67dc-4391-97c0-291714c27ff4,Yellow Diamond x1,chest,47101,0,0,0,0,0,0,,treasure,,
Ethan,6,af2bd380-4f62-4a42-9fbc-fb146d8dfb02,Hand Grenade x1,,47101,0,0,0,0,0,0,,,,
Ethan,6,e4edc52f-3143-430a-b6d0-4ba430b87715,Red Beryl x1,,47100,0,0,0,0,0,0,dlc,,,
Ethan,6,fc8efafc-3f18-42dd-8b1c-0ac77fd95036,Checkpoint Crank x1,,47200,0,0,0,0,0,0,,,,
Ethan,6,b85fb10f-1e44-406a-9cbd-1e3ce95a6be4,First Aid Spray x1,,47210,0,0,0,0,0,0,,,,
Ethan,6,f7f13545-41ce-4f02-aab4-bac69b61fe1e,Handgun Ammo x10,,47200,0,0,0,0,0,0,,,,
Ethan,6,f3cc617a-ae89-4a76-a2eb-3709c6de32f1,Submachine Gun Ammo x30,,47200,0,0,0,0,0,0,,,,
Ethan,6,6864ecd8-d923-4be2-83ae-5890d425b77b,Green Herb x1,,47210,0,0,0,0,0,0,,,,
Ethan,6,e9449beb-3d4c-4910-b9c7-3111a4d83d55,Shotgun Shells x3,,47200,0,0,0,0,0,0,,,,
Ethan,6,b2d9b273-b9ea-423d-8c74-6112f5be792a,Rifle Ammo x4,,47200,0,0,0,0,0,0,,,,
Ethan,6,e8b132b2-3657-4a1d-9743-6426cf34f86b,Yellow Herb x1,,47200,0,0,0,0,0,0,,,,
Ethan,6,de615cea-505e-41e6-ac91-f9543a447c6b,Spinel x1,,47200,0,0,0,0,0,0,dlc,,,
Ethan,6,2dd8ddd4-f1f3-4512-b269-94a36fdaca55,Shotgun Shells x3,,47211,0,0,0,0,0,0,,,,
Ethan,6,f0b232f8-f835-4b5e-a22f-7ff3b957c8e5,Handgun Ammo x10,,47211,0,0,0,0,0,0,,,,
Ethan,6,1a4ae09e-7c35-4389-9f53-e0d0c44d9e67,Flash Grenade x1,,47211,0,0,0,0,0,0,,,,
Ethan,6,531f8752-ad6c-4b73-89f3-f0d3b645f8bc,Flash Grenade x1,,47300,0,0,0,0,0,0,,,,
Ethan,6,eace32b0-02c1-45ac-ac31-25be7549505a,Gunpowder x5,,47211,0,0,0,0,0,0,,,,
Ethan,6,1d1e60bd-99cb-4ea5-abb2-242504385224,Chalice of Atonement x1,chest,47102,0,0,0,0,0,0,,treasure,,
Ethan,6,c80a1e86-1d63-4aa9-a769-04a9e0ff9c06,Elegant Headdress x1,key,47200,0,0,0,0,0,0,,treasure,,
Ethan,6,2499180c-bb03-4afe-a2d5-d0eb76d150cf,Emerald x1,,47401,0,0,0,0,0,0,,,,
Ethan,6,18bf2d8e-e85e-4ea0-8559-e652186d816f,Red x1,,47401,0,0,0,0,0,0,dlc,,,
Ethan,6,91e6dc7e-1a5b-42dc-9016-f6e39a5b0b16,Gold Token x1,,47401,0,0,0,0,0,0,dlc,,,
Ethan,7,fcb1f650-ebc0-4bcc-9144-e9ea4832a263,Vintage Compass x1,chest,50200,0,0,0,0,0,0,,treasure,,
Ethan,7,a041f433-1a49-4d2c-9424-0a1722602474,Elegant Bangle x1,chest,50300,0,0,0,0,0,0,,treasure,,
Ethan,7,25b84ff3-340c-4250-be49-e33dd33afde7,Ruby x1,,50500,0,0,0,0,0,0,,,,
Ethan,7,1c52a7f7-417b-453c-b724-4948ae1fe663,Spinel x1,,50504,0,0,0,0,0,0,,,,
Ethan,7,391416ef-d883-4dc7-9eef-1e56cbebd2f9,Golden Hourglass x1,chest,50401,0,0,0,0,0,0,,treasure,,
Ethan,7,db7ce189-2498-4cbe-9c40-55df210d1ffb,Gold Bar x1,smallkey,50401,0,0,0,0,0,0,,treasure weapon,,
Ethan,7,1441b2df-fbba-4847-baf5-28bb6b8892e7,Gold Bangle x1,chest,50505,0,0,0,0,0,0,,treasure,,
Ethan,9,1341a0a6-9d19-42df-a775-87fd7042bef0,Justitia Statue x1,key,50401,0,0,0,0,0,0,,treasure,,
Ethan,7,d5bb6d76-8718-4eaf-ab7f-d96583114f85,Elegant Perfume Bottle x1,chest,50401,0,0,0,0,0,0,,treasure,,
Ethan,7,6765f856-84a8-44ab-bc92-6d2c0057c46d,Rifle Ammo x5,,50300,0,0,0,0,0,0,,,,
Ethan,7,d8d360c1-7a8e-4794-b70c-5cbddfaa8272,Gunpowder x5,,50300,0,0,0,0,0,0,,,,
Ethan,7,e138686c-732f-4a46-91a3-d7257eef7adc,Resource (Large) x1,,50300,0,0,0,0,0,0,,,,
Ethan,7,423a7b86-caee-4c10-8fd6-a36e228246ff,Yellow Herb x1,,50401,0,0,0,0,0,0,,,,
Ethan,7,3da1e70f-7163-4c42-9b57-662a91aa5943,Dungeon Key x1,,50502,0,0,0,0,0,0,,,,
Ethan,7,1f4f40ab-d6b2-4352-861e-32b239e1e7db,Handgun Ammo x8,,50502,0,0,0,0,0,0,,,,
Ethan,7,fc9e689d-14d8-4299-9ad5-9131fc6e1f21,Shotgun Shells x3,,50502,0,0,0,0,0,0,,,,
Ethan,7,95d76646-6e74-4ff9-8f0a-36ec02ccc960,Handgun Ammo x8,,50503,0,0,0,0,0,0,,,,
Ethan,7,c2b45369-eda9-47a5-8f5b-9836d6f63638,Handgun Ammo x10,,50503,0,0,0,0,0,0,,,,
Ethan,7,932f30b4-a523-4bf3-95a6-d787f6e297eb,Red Herb x1,,50501,0,0,0,0,0,0,,,,
Ethan,7,e32dc31d-4067-414e-9249-ee7e42dd2512,Halo Wheel x1,,50601,0,0,0,0,0,0,,,,
Ethan,7,65fd77bd-0588-4498-bcec-2c92a52a8a90,Red Herb x1,,50601,0,0,0,0,0,0,,,,
Ethan,7,ce9f099b-c245-43e4-af69-2364190b5b65,Handgun Ammo x10,,50601,0,0,0,0,0,0,,,,
Ethan,7,7f135561-a3e1-4ef7-865f-5973a79d6f48,Shotgun Shells x3,,50601,0,0,0,0,0,0,,,,
Ethan,7,a35c8a09-7edf-4ada-9845-dce6bf4e2471,Resource (Large) x1,,50601,0,0,0,0,0,0,,,,
Ethan,7,53662d42-8b85-4b5e-a9a1-2e562ca21abd,Gunpowder x5,,50601,0,0,0,0,0,0,,,,
Ethan,7,d2946303-e2ae-4bb9-b5f5-a6e6d11d7a64,Gunpowder x5,,50504,0,0,0,0,0,0,,,,
Ethan,7,3a33dce0-9986-43de-ad40-a5a27691d55e,Bloodied Sword x1,,50504,0,0,0,0,0,0,,,,
Ethan,7,4855cd04-6a45-4c7c-93e6-78489a8ea07f,Green Herb x1,,50504,0,0,0,0,0,0,,,,
Ethan,7,24ae996d-afea-4a63-87fc-edde770bd9a3,Sapphire x1,,50300,0,0,0,0,0,0,dlc,,,
Ethan,7,3cd3b05f-21b2-4355-8f26-41472780c6eb,Silver Token x1,,50504,0,0,0,0,0,0,dlc,,,
Ethan,7,e91a7d50-baf9-4ced-96fe-01b8621f9e84,Spinel x1,,50600,0,0,0,0,0,0,dlc,,,
Ethan,7,74d39fb5-b527-4811-9e0f-f58ceeb5eeb1,Elegant Crown x1,,50700,0,0,0,0,0,0,dlc,,,
Ethan,8,d47a64c7-bc44-4e15-b233-ec282bfc1698,Rhinoceros Beetle x1,,51101,0,0,0,0,0,0,,,,
Ethan,8,024c6faa-1c9f-4fea-99ea-514de7f1c59a,Yellow Herb x1,,51600,0,0,0,0,0,0,,,,
Ethan,8,656cb3c4-c980-4b16-acf6-f8d47fda998c,Scratched Emerald x1,,51200,0,0,0,0,0,0,,,,
Ethan,8,8127146b-7a3a-4f0e-b37c-239286849338,Mirror with Pearls & Rubies x1,chest,51404,0,0,0,0,0,0,,treasure,,
Ethan,8,02e03326-edb7-4d04-89f8-386d8364599b,Yellow Diamond x1,,51404,0,0,0,0,0,0,,,,
Ethan,8,4fe65568-d7b5-44bf-93b7-b100937a824d,Extravagant Clock x1,chest,51502,0,0,0,0,0,0,,treasure,,
Ethan,8,23fefa47-fe71-4c7c-b5b4-c0826d75c2ba,Brass Pocket Watch x1,smallkey,51502,0,0,0,0,0,0,,treasure weapon,,
Ethan,8,8b52985b-07ce-4b82-a5a9-6670df065572,Small Key x1,,51503,0,0,0,0,0,0,,,,
Ethan,8,142073d1-731a-427f-8159-1568f3c32449,Ruby x1,,51612,0,0,0,0,0,0,,,,
Ethan,8,46e22b63-47d7-42ae-9093-284b00a55e33,Emerald x1,chest,51600,0,0,0,0,0,0,,treasure,,
Ethan,8,d0022d12-2e88-4269-856b-02f807ee9a20,Ornate Necklace x1,chest,51600,0,0,0,0,0,0,,treasure,,
Ethan,8,57ad46f8-12d3-47bf-b894-1fafe91357a6,Elegant Chessboard x1,,51200,0,0,0,0,0,0,,,,
Ethan,8,b8db5d3f-c67b-48bf-9857-891db4b65769,Depraved Idol x1,,51401,0,0,0,0,0,0,,,,
Ethan,8,377cda0f-d9de-4ecc-84da-9e12d125ce2e,Ornate Beetle x1,smallkey,51612,0,0,0,0,0,0,,treasure weapon,,
Ethan,8,989dc5a8-5de0-4c6e-ac0e-97b2c9a00481,Lithographic Stone B x1,,51502,0,0,0,0,0,0,,,,
Ethan,8,51053e64-b90f-43f4-8845-d2a3194f2a7c,Lithographic Stone C x1,,51502,0,0,0,0,0,0,,,,
Ethan,8,4ce682fe-d46b-46f2-8deb-b72c14a48ac2,Lithographic Stone D x1,,51502,0,0,0,0,0,0,,,,
Ethan,8,7a1598f0-749c-4e55-a23d-424a6b8e9911,Velvet Blue x1,,51502,0,0,0,0,0,0,,,,
Ethan,8,32ead8bf-4613-47fc-a5b3-8458668d74d7,Lithographic Stone B x1,,51502,0,0,0,0,0,0,,,,
Ethan,8,e6d63768-091b-4706-bce4-837b940915a1,Lithographic Stone C x1,,51502,0,0,0,0,0,0,,,,
Ethan,8,51990017-8109-465d-a21e-4a55ff35ac21,Lithographic Stone D x1,,51502,0,0,0,0,0,0,,,,
Ethan,8,2ed3a85b-a4f1-4ab7-a7d7-fd64fd3bbd56,Green Herb x1,,51600,0,0,0,0,0,0,,,,
Ethan,8,ccdec2b5-71ec-4473-bdec-fababfc20061,Resources (Small) x1,,51600,0,0,0,0,0,0,,,,
Ethan,8,0bdbaea2-1020-4091-80ea-75af922255b8,Gunpowder x5,,51600,0,0,0,0,0,0,,,,
Ethan,8,7239dae7-46fc-48f0-930d-d51ab896b935,Flash Grenade x1,,51200,0,0,0,0,0,0,,,,
Ethan,8,1fff5623-b5e4-4339-adb0-d3fe42ea8301,First Aid Spray x1,,51200,0,0,0,0,0,0,,,,
Ethan,8,bc7cf6f2-a87c-4884-9ff3-1da753a3093d,Yellow Herb x1,,51201,0,0,0,0,0,0,,,,
Ethan,8,e2460fe6-d4ae-4d48-95a2-e3b4b859f396,Alexandrite x1,,51500,0,0,0,0,0,0,dlc,,,
Ethan,8,285d0109-fee4-4fa7-8d3e-a17081174aeb,Silver Token x1,,51502,0,0,0,0,0,0,dlc,,,
Ethan,8,c5639616-2aa4-4c57-b662-7b013f5aa2d0,Accessory: Stylish Mask x1,,51200,0,0,0,0,0,0,dlc,,,
Ethan,8,b1e533fa-b79d-4944-8dcc-9a2c22430803,Gold Token x1,,51200,0,0,0,0,0,0,dlc,,,
Ethan,9,fc8f3040-6c22-425c-b22c-493f55b1af61,Cubic Device x1,,52200,0,0,0,0,0,0,,,,
Ethan,9,8114dd3c-df18-4a01-96a4-d897b3e1d785,Alexandrite x1,,52101,0,0,0,0,0,0,,,,
Ethan,9,56a6e726-169d-4865-95c2-69562dbc73b3,Butterfly Lamp x1,,52300,0,0,0,0,0,0,,,,
Ethan,9,55b1209f-9952-4e54-97f5-d60073d7bb6c,Yellow Diamond x1,chest,52303,0,0,0,0,0,0,,treasure,,
Ethan,9,28a694ae-a785-4fa1-bd1b-9135379ceb93,Small Key x1,,52203,0,0,0,0,0,0,,,,
Ethan,9,c579fc1d-5015-4b55-a2f9-c19d92ffd058,Brown Chicken Egg x1,,52303,0,0,0,0,0,0,,,,
Ethan,9,2d68ab1c-5b3d-43c6-8cd0-143f859a0f61,Serpent Head x1,,52401,0,0,0,0,0,0,,,,
Ethan,9,e14034bd-dbd6-4d1b-b62e-e0ab8609d97a,Red Herb x1,,52401,0,0,0,0,0,0,,,,
Ethan,9,391733da-96e4-4c3c-b80a-9512ab9b10f9,Lion Head x1,,52202,0,0,0,0,0,0,,,,
Ethan,9,071e1736-c8d1-47f9-ba98-019e44446366,Green Herb x1,,52203,0,0,0,0,0,0,,,,
Ethan,9,6083a630-3932-4919-9d0c-d7e90e26f585,Handgun Ammo x15,,52202,0,0,0,0,0,0,,,,
Ethan,9,bb524c12-b8fd-4e78-80be-350b21a6eea1,Resource (Large) x1,,52202,0,0,0,0,0,0,,,,
Ethan,9,b22a9767-ea5f-4e7c-a04c-01f675ef60d1,Gunpowder x5,,52203,0,0,0,0,0,0,,,,
Ethan,9,9d1b61b9-2087-44cf-a66b-3d8dbe1b2d53,Flash Grenade x1,,52202,0,0,0,0,0,0,,,,
Ethan,9,40e15649-2d93-4ccc-8e3f-c52963e73450,Goat Head x1,,52303,0,0,0,0,0,0,,,,
Ethan,9,05c3b37e-1078-415b-b482-b914b45342f8,Green Herb x1,,52303,0,0,0,0,0,0,,,,
Ethan,9,631f07f0-83f8-4907-8d3f-e119bc94a3cc,Resources (Small) x1,,52303,0,0,0,0,0,0,,,,
Ethan,9,f3ac610b-2226-45e1-8852-25b81f3edda9,Flash Grenade x1,,52303,0,0,0,0,0,0,,,,
Ethan,9,b6259301-b51c-4a2c-975d-d01f442e56d1,Gunpowder x5,,52303,0,0,0,0,0,0,,,,
Ethan,9,a32f91f1-affc-4f9d-9ab6-fa75bcf61d52,Shotgun Shells x3,,52303,0,0,0,0,0,0,,,,
Ethan,9,0d2236bf-8569-4efa-b32d-897b4ea10c23,Silver Token x1,,52203,0,0,0,0,0,0,dlc,,,
Ethan,10,097ef30f-4bfd-46f4-9c3a-907240e3600e,Salazar Family Insignia x1,,53304,0,0,0,0,0,0,,,,
Ethan,10,15b380f4-5e15-4e54-a809-ecdb0c3ef591,CQBR Assault Rifle x20,key,53200,0,0,0,0,0,0,,treasure weapon,,
Ethan,10,cff97c32-8579-4b80-90f0-cebdb638e6c3,Gold Bar (L) x1,,53200,0,0,0,0,0,0,,,,
Ethan,10,c1d0972b-2174-4db8-834c-40db87df9883,Bunch of Keys x1,,53200,0,0,0,0,0,0,,,,
Ethan,10,8f5be12f-9ca6-455e-bf40-9533705adb52,Yellow Diamond x1,,53201,0,0,0,0,0,0,dlc,,,
Ethan,10,dc62ddd9-232d-4c31-85dd-cbe56a8dfea7,Elegant Perfume Bottle x1,chest,53200,0,0,0,0,0,0,,treasure,,
Ethan,10,ac5c9502-225b-4826-919c-0e034e9efb4c,Sapphire x1,chest,53202,0,0,0,0,0,0,,treasure,,
Ethan,10,c724b33b-c105-4d68-8865-948a527f30e1,Emerald x1,chest,53303,0,0,0,0,0,0,,treasure,,
Ethan,10,1f4f6137-2674-4bb3-923f-0cdc33a9320c,Golden Lynx x1,key,53202,0,0,0,0,0,0,,treasure,,
Ethan,10,ff5daacc-7dae-45b1-b4d5-c39e3ef8e916,Yellow Herb x1,,54400,0,0,0,0,0,0,,,,
Ethan,10,17bdb728-8c36-4ee8-be97-d8fa995737df,Ruby x1,,54200,0,0,0,0,0,0,,,,
Ethan,10,5f1af48d-6ac9-45fb-be01-47e7bf22da51,Brown Chicken Egg x1,,54102,0,0,0,0,0,0,,,,
Ethan,10,0707014c-37e5-435a-857a-a0a25bb12328,Ornate Beetle x1,chest,54200,0,0,0,0,0,0,,treasure,,
Ethan,10,5296f431-ddde-4a03-9f1d-f8c63e03cfef,Red Beryl x1,,54401,0,0,0,0,0,0,,,,
Ethan,10,62f69768-3a3b-42d3-9e27-94cd6911b113,Elegant Crown x1,,54400,0,0,0,0,0,0,,,,
Ethan,12,497d164c-f1ad-4150-a214-28ee3dd58149,Gold Chicken Egg x1,key,54301,0,0,0,0,0,0,,,,
Ethan,10,0b90c8dd-bb1c-49b1-bd88-5385a3ae5086,Handgun Ammo x10,,54100,0,0,0,0,0,0,,,,
Ethan,10,b7fbbb90-da3e-47e8-a8b8-a62f4bef7617,Submachine Gun Ammo x30,,54200,0,0,0,0,0,0,,,,
Ethan,10,fa089a01-4796-4777-8e21-0c4fbdcce354,Gunpowder x5,,54200,0,0,0,0,0,0,,,,
Ethan,10,0d3e6c7a-cd01-46e4-ace9-21f1f1470d08,Green Herb x1,,54200,0,0,0,0,0,0,,,,
Ethan,10,6bab9ba7-bf6f-4925-88e1-4b16d95c59e8,Red Herb x1,,54200,0,0,0,0,0,0,,,,
Ethan,10,f428b54f-288c-4427-a4c1-035b6baebc04,First Aid Spray x1,,54102,0,0,0,0,0,0,,,,
Ethan,10,ce3ecb79-6e54-40c0-8825-570dc43c747d,Hand Grenade x1,,54200,0,0,0,0,0,0,,,,
Ethan,10,076c4036-0d5d-44b4-b657-dfcc6f7c7feb,Handgun Ammo x10,,54204,0,0,0,0,0,0,,,,
Ethan,10,0a8018cd-c744-4af5-83fb-15da0f9925db,Flash Grenade x1,,54300,0,0,0,0,0,0,,,,
Ethan,10,eadc9167-bb46-48b5-b6ae-b42225ea2618,Boot Knife x1,,54300,0,0,0,0,0,0,,,,
Ethan,10,3cd3f662-49b9-45a6-b4f0-96e978789e46,Bolts x2,,54300,0,0,0,0,0,0,,,,
Ethan,10,3887e49b-9a12-4f8d-916b-faabd3d40b3a,Bolts x4,,54300,0,0,0,0,0,0,,,,
Ethan,10,b2b0a1f2-8804-4420-9943-9e82bd8b2bb7,Attachable Mines x4,,54300,0,0,0,0,0,0,,,,
Ethan,10,f03e2b8c-075b-4bef-9d51-ae3560b142c0,Boot Knife x1,,54301,0,0,0,0,0,0,,,,
Ethan,10,6968fed7-6529-4e15-bb07-06415fd29c9b,Red Herb x1,,54401,0,0,0,0,0,0,,,,
Ethan,10,f5255566-4138-4edf-a100-ec4d1e66a17d,Green Herb x1,,54400,0,0,0,0,0,0,,,,
Ethan,10,a7068942-aa46-4efa-967f-bf1a33a61c4c,Green Herb x1,,54407,0,0,0,0,0,0,,,,
Ethan,10,df312d32-af74-457c-84ee-32cfd3913f50,Shotgun Shells x3,,54407,0,0,0,0,0,0,,,,
Ethan,10,5a4b83c2-8da4-40da-a17c-421858b68fa3,Handgun Ammo x10,,54404,0,0,0,0,0,0,,,,
Ethan,10,89c2e17a-dc58-40f5-9da8-475b215cb06e,Boot Knife x1,,54404,0,0,0,0,0,0,,,,
Ethan,10,b0b25ef4-d249-4d0a-8439-6837c3ae5284,Handgun Ammo x10,,54406,0,0,0,0,0,0,,,,
Ethan,10,afd1d1b8-8fca-4226-90b0-b37d5289540f,First Aid Spray x1,,54405,0,0,0,0,0,0,,,,
Ethan,10,0dc9092b-a279-4c35-80ec-c75775af6d85,Gunpowder x5,,54405,0,0,0,0,0,0,,,,
Ethan,10,7f14ace2-9afb-4456-b692-66450513500b,Yellow Diamond x1,chest,54405,0,0,0,0,0,0,,treasure,,
Ethan,10,b1137a19-e4e6-4ead-8b6c-6879a62b3f76,Silver Token x1,,54102,0,0,0,0,0,0,dlc,,,
Ethan,10,e57bb683-5449-464f-acde-fdebbf98eb67,Spinel x1,,54402,0,0,0,0,0,0,dlc,,,
Ethan,10,2c6dc819-92db-48af-b6f5-3bb33ad54355,Emerald x1,,54404,0,0,0,0,0,0,dlc,,,
Ethan,10,44427870-17f1-450a-b8d7-7e03bcda6e1d,Ornate Necklace x1,,54301,0,0,0,0,0,0,dlc,,,
Ethan,11,f2a1224f-79fb-42b6-abd2-5f6951638854,Golden Hourglass x1,chest,55103,0,0,0,0,0,0,,treasure,,
Ethan,11,200d3215-0bef-49a5-95ae-06ba2bd0fcf7,Spinel x1,,55103,0,0,0,0,0,0,dlc,,,
Ethan,11,71b17dd9-f299-4cf6-8720-f8aff6bacdca,Dynamite x1,,55103,0,0,0,0,0,0,,,,
Ethan,11,ac8ee27d-fc85-44ae-bdc0-413649567bcb,Green Herb x1,,55103,0,0,0,0,0,0,,,,
Ethan,11,7b7ac235-51fd-47c1-a6fc-2b28b2a23e56,Sapphire x1,,55103,0,0,0,0,0,0,,,,
Ethan,11,a09f6d70-d981-4cb0-87fe-e131ca55cf93,Handgun Ammo x15,,55202,0,0,0,0,0,0,,,,
Ethan,11,77d43ae4-ac2c-4375-8c73-a18916456e30,Flagon x1,chest,55202,0,0,0,0,0,0,,treasure,,
Ethan,11,7509f859-c962-4dc5-b144-3d9874eb3a1f,Red Herb x1,,55202,0,0,0,0,0,0,,,,
Ethan,11,fa752225-fbcb-4734-ba7b-04c80ca6df1e,Hand Grenade x1,,55200,0,0,0,0,0,0,,,,
Ethan,11,a9aeb15f-064d-4d24-a5ef-e5e3a162ed8c,Handgun Ammo x30,,55200,0,0,0,0,0,0,,,,
Ethan,11,c63a28bd-a306-450b-88d5-8f8652fec946,Submachine Gun Ammo x30,,55200,0,0,0,0,0,0,,,,
Ethan,11,cb5ea368-a408-4098-afb4-8f22cd3d4b2b,Gunpowder x5,,55200,0,0,0,0,0,0,,,,
Ethan,11,7bfcada6-167c-4a6c-994f-b03a20217e38,Yellow Diamond x1,,55200,0,0,0,0,0,0,,,,
Ethan,11,cd201e68-5248-4c66-99ef-a5e5dfc85224,Yellow Diamond x1,,55200,0,0,0,0,0,0,,,,
Ethan,11,93e46be6-665a-45f4-95af-683a546ebb4f,Red Beryl x1,,55200,0,0,0,0,0,0,,,,
Ethan,11,ca23db85-473f-41ec-a1ef-70374415b7ee,Red Beryl x1,,55200,0,0,0,0,0,0,,,,
Ethan,11,a29ce3b9-b8a9-4c00-9988-315e9d1d6a1c,Green Herb x1,,55200,0,0,0,0,0,0,,,,
Ethan,11,00e7d043-bb51-414f-aebc-60a9def30a53,Iluminados Pendant x1,,55200,0,0,0,0,0,0,dlc,,,
Ethan,11,71a57ed2-9dd2-4cfb-9db9-f29962442261,Respawning boot knife in Krauser fight,,55302,0,0,0,0,0,0,preserve,,,
Ethan,11,95125fe0-aa06-4866-9eb7-edaf54bae986,Gold Bar (L) x1,chest,55301,0,0,0,0,0,0,,treasure,,
Ethan,11,2d823431-251d-4a5e-8f58-438e69e1c0e6,Green Herb x1,,55302,0,0,0,0,0,0,,,,
Ethan,11,04954623-1477-4c34-9dcf-3801d0f29ffe,Green Herb x1,,55302,0,0,0,0,0,0,,,,
Ethan,11,2385adc9-7d2e-41f8-b7a9-b2df6d58185d,Red Herb x1,,55302,0,0,0,0,0,0,,,,
Ethan,11,74e5889d-5f15-4a4a-81b3-eb14a624f057,Hand Grenade x1,,55301,0,0,0,0,0,0,,,,
Ethan,11,613e6ec0-ab68-47ca-aa9f-7574bf116269,Yellow Herb x1,,55300,0,0,0,0,0,0,,,,
Ethan,12,c81920a2-7fad-4fa9-8621-2016183892f7,Small Key x1,,56100,0,0,0,0,0,0,,,,
Ethan,12,7e23d008-3811-4b8c-80f6-bf8a973536e9,Mirror with Pearls & Rubies x1,chest,56103,0,0,0,0,0,0,,treasure,,
Ethan,12,7dcba43a-d376-4f68-b8ab-58c49cfe9e95,Extravagant Clock x1,chest,56103,0,0,0,0,0,0,,treasure,,
Ethan,12,8a4d3026-9349-4c77-828f-eec060568fef,Yellow Diamond x1,,56104,0,0,0,0,0,0,,,,
Ethan,12,9f9d68cb-58ed-484f-869c-9e71122fd21f,Gold Bar x1,chest,56102,0,0,0,0,0,0,,treasure,,
Ethan,12,9b72f6d9-bdbf-4046-b73e-76bec9c3e00a,Alexandrite x1,,56103,0,0,0,0,0,0,,,,
Ethan,12,01efc98e-2850-4fe4-a830-6d9b5ab36574,Silver Token x1,,56103,0,0,0,0,0,0,dlc,,,
Ethan,12,163f855a-534f-486c-85bc-121c0486e9cd,Yellow Diamond x1,,56301,0,0,0,0,0,0,dlc,,,
Ethan,12,7ac33ad0-6987-4170-8080-76fa114a017a,Gunpowder x10,,56200,0,0,0,0,0,0,,,,
Ethan,12,4a156a5b-61b5-4432-baea-d8df58aeaf55,Rifle Ammo x5,,56200,0,0,0,0,0,0,,,,
Ethan,12,76982055-f15a-4bfb-8bf6-809300c9089c,Resource (Large) x1,,56200,0,0,0,0,0,0,,,,
Ethan,12,cb018dd4-edfa-45e6-85a1-1147bf476f35,Green Herb x1,,55302,0,0,0,0,0,0,,,,
Ethan,12,6cb0b5bc-29f8-403c-99d2-bb8842a06b5d,Red Herb x1,,56103,0,0,0,0,0,0,,,,
Ethan,12,59f2f272-0039-415e-85ee-66d930c3d60d,Green Herb x1,,56103,0,0,0,0,0,0,,,,
Ethan,12,13311640-e799-4d12-98cf-87ecfd50a131,Yellow Herb x1,,56103,0,0,0,0,0,0,,,,
Ethan,12,7fc72377-2858-47b3-9638-f9a1a84346d4,First Aid Spray x1,,56104,0,0,0,0,0,0,,,,
Ethan,16,02d7aa19-8d73-494d-ac71-9c4fd0796b9d,Green Herb x1,,59101,0,0,0,0,0,0,,,,
Ethan,13,0ae04395-bcdb-45ba-85db-efca73590205,Handgun Ammo x10,,60110,0,0,0,0,0,0,,,,
Ethan,13,e39b3402-ca8d-4b72-97e6-887b40e2ffd7,Red Herb x1,,60102,0,0,0,0,0,0,,,,
Ethan,13,466ccada-8800-474a-81b4-bdead864b422,Pearl Bangle x1,chest,60102,0,0,0,0,0,0,,treasure,,
Ethan,13,342fb125-fd74-45fa-943d-84e06c4b7d54,Handgun Ammo x10,,60104,0,0,0,0,0,0,,,,
Ethan,13,fcda33b6-5592-44f3-a3e4-0a33798825d2,Yellow Herb x1,,60104,0,0,0,0,0,0,,,,
Ethan,13,83eb78ab-9543-4835-806a-eb77c5a9dd73,Golden Lynx x1,chest,60104,0,0,0,0,0,0,,treasure,,
Ethan,13,40537700-2434-4464-9669-cbbc8d5dd7c6,Emerald x1,,60200,0,0,0,0,0,0,dlc,,,
Ethan,13,9ab6593f-e806-46ed-aac2-11ebe22895bc,Elegant Crown x1,chest,60200,0,0,0,0,0,0,,treasure,,
Ethan,13,8e386c4f-55db-4f26-928b-4e58d173dc23,Level 1 Keycard x1,,61401,0,0,0,0,0,0,,,,
Ethan,13,91316634-4883-4b62-a491-27b5c6b1ba71,Level 2 Keycard x1,,61305,0,0,0,0,0,0,,,,
Ethan,13,6f8cb73f-8838-4281-bc70-15ca11156d40,Level 3 Keycard x1,,61202,0,0,0,0,0,0,,,,
Ethan,13,9a40ec32-5705-4bbf-857d-c22d9a56af3d,Shotgun Shells x3,,61102,0,0,0,0,0,0,,,,
Ethan,13,bc4c1e2b-bf1f-4e3a-aceb-e71a70bdf72d,Velvet Blue x1,chest,61100,0,0,0,0,0,0,,treasure,,
Ethan,13,d600647d-af7e-4896-a2d0-57bdd0acd459,Crystal Ore x1,,61105,0,0,0,0,0,0,,,,
Ethan,13,3bee7a6f-75d1-4c4a-985d-27ad75a22104,Gunpowder x3,,61104,0,0,0,0,0,0,,,,
Ethan,13,e4191c54-aecc-4fca-8c97-b3f241d1f9c9,Blue x1,,61106,0,0,0,0,0,0,dlc,,,
Ethan,13,45c64385-d06c-4bde-a830-b9975580f73a,Gold Token x1,,61106,0,0,0,0,0,0,dlc,,,
Ethan,13,28f438c5-ec95-464b-83e6-ab2f16d79aec,Black Bass x1,,61105,0,0,0,0,0,0,,,,
Ethan,13,a22734b6-f3bf-43cb-bf53-ee848e697ef4,Green Herb x1,,61104,0,0,0,0,0,0,,,,
Ethan,13,ee2b720e-d561-42cc-9953-3e4ff6c6a93a,Pesetas x500,,61504,0,0,0,0,0,0,,,,
Ethan,13,d7495ccf-71c8-41b0-98db-406d1f34aacc,Handgun Ammo x10,,61504,0,0,0,0,0,0,,,,
Ethan,13,671a0818-03cc-4e84-9668-3a53aed4fad3,Hand Grenade x1,,61501,0,0,0,0,0,0,,,,
Ethan,13,ce47074f-fe64-46a2-9c54-ad20c35674fb,Velvet Blue x1,chest,61500,0,0,0,0,0,0,,treasure,,
Ethan,13,a238cf49-db2c-4c6f-b15a-c22a600c941c,Spinel x1,,61501,0,0,0,0,0,0,dlc,,,
Ethan,13,39249937-fcc4-4385-b312-3fa7220fe76a,Black Bass x1,,61500,0,0,0,0,0,0,,,,
Ethan,13,2bd41fde-9226-47c0-9fcc-d6f85468c624,Gunpowder x3,,61400,0,0,0,0,0,0,,,,
Ethan,13,f89de2e7-71c6-4695-b15c-7a7a7e844c91,Gunpowder x4,,61302,0,0,0,0,0,0,,,,
Ethan,13,0fc29383-da97-47a7-95f4-5f2125a3cf94,Gold Ingot x1,,61400,0,0,0,0,0,0,,,,
Ethan,13,92ce91b9-a763-48a4-8adb-9926ad2694ac,First Aid Spray x1,,61400,0,0,0,0,0,0,,,,
Ethan,13,5eb95d1f-feb5-4bbb-b38f-8e1dcf664aa3,Red Beryl x1,,61400,0,0,0,0,0,0,,,,
Ethan,13,c0d12ced-3c73-46a0-b2e4-dde585174000,Gold Bar (L) x1,,61305,0,0,0,0,0,0,,,,
Ethan,13,296a288f-d414-41a5-8151-d5deef727233,LE 5 x60,,61305,0,0,0,0,0,0,,,,
Ethan,13,61a74f29-5a52-4967-afd7-9118347e6c41,Yellow Herb x1,,61204,0,0,0,0,0,0,,,,
Ethan,13,e6b181ad-1223-4e4d-a3bc-4677b0f71ff5,Gunpowder x5,,61204,0,0,0,0,0,0,,,,
Ethan,13,1a50729e-0e7f-4259-a1da-1c52909592e2,Submachine Gun Ammo x30,,61204,0,0,0,0,0,0,,,,
Ethan,13,dd9b9e71-ca14-4cb3-aa20-2d6026edca6e,Silver Token x1,,61204,0,0,0,0,0,0,dlc,,,
Ethan,13,7da898c2-0fe9-428d-bcc6-f6402ba5b950,Rifle Ammo x5,,61201,0,0,0,0,0,0,,,,
Ethan,13,0935e381-39a7-4d4f-ad49-d6c07bf24187,Gunpowder x3,,61204,0,0,0,0,0,0,,,,
Ethan,13,e2763196-05b9-44e6-99ff-48499db2a3ce,Red Herb x1,,61201,0,0,0,0,0,0,,,,
Ethan,13,c4c02d4b-24c3-46ea-b428-bd09c3e27ece,Submachine Gun Ammo x30,,61201,0,0,0,0,0,0,,,,
Ethan,13,73ebd13f-e3f3-4f04-a67a-e42d4afed066,Rifle Ammo x5,,61203,0,0,0,0,0,0,,,,
Ethan,13,dd450857-6c31-4996-826e-16afcf6f7926,Hand Grenade x1,,61201,0,0,0,0,0,0,,,,
Ethan,13,ab37cb8b-9f82-467d-9cee-f6e85e9ac230,Flash Grenade x1,,61203,0,0,0,0,0,0,,,,
Ethan,13,24e37f17-ffb4-4535-bf26-60697865a4b3,Green Herb x1,,61201,0,0,0,0,0,0,,,,
Ethan,13,51b34a47-5553-497c-8763-ae0adbca7b6f,Rifle Ammo x5,,61203,0,0,0,0,0,0,,,,
Ethan,13,e91a8b12-6571-4270-afc0-17bb4d8072d7,Biosensor Scope x1,chest,61202,0,0,0,0,0,0,,treasure,,
Ethan,13,8cfe20a5-29cb-44df-9567-b4fb52f42ded,Gold Bar (L) x1,,61202,0,0,0,0,0,0,,,,
Ethan,13,63a94935-6c1a-4c47-b0b6-cd1680cde062,Gold Bangle x1,,62100,0,0,0,0,0,0,,,,
Ethan,13,483e54e8-9946-487c-9c41-cb55f0c4cc68,Alexandrite x1,,62200,0,0,0,0,0,0,,,,
Ethan,13,d5be387e-2447-4fdd-943c-6b34add1e647,Green Herb x1,,62100,0,0,0,0,0,0,,,,
Ethan,13,d800dcf8-c126-423b-87b9-177f7b335a25,Handgun Ammo x10,,62100,0,0,0,0,0,0,,,,
Ethan,13,6de77ddd-bf71-443d-8356-7dbfba6d0209,Flash Grenade x1,,62200,0,0,0,0,0,0,,,,
Ethan,14,25690dd1-ce4e-4b33-8348-6b1cd18b95df,Handgun Ammo x9,,63100,0,0,0,0,0,0,,,,
Ethan,14,634808b9-dbc0-4daa-abca-0fb1190b2dad,Gunpowder x5,,63100,0,0,0,0,0,0,,,,
Ethan,14,318c5f0c-7b0c-4b33-81d2-0478169ad662,Velvet Blue x1,,63100,0,0,0,0,0,0,,,,
Ethan,14,cfdf4334-ba66-4347-9f51-f46bf44559ee,Gunpowder x4,,63106,0,0,0,0,0,0,,,,
Ethan,14,b82e377a-3bf1-412f-9376-4a4bc4a039c6,Hand Grenade x1,,63106,0,0,0,0,0,0,,,,
Ethan,14,8a7f4568-105f-4705-9869-e845157cb9b3,Rifle Ammo x8,,63106,0,0,0,0,0,0,,,,
Ethan,14,a6512f89-f8e0-439c-8eb3-c85a4826d484,Handgun Ammo x10,,63107,0,0,0,0,0,0,,,,
Ethan,14,511afd93-62b9-4b73-8fae-f482295b7781,Green Herb x1,,63108,0,0,0,0,0,0,,,,
Ethan,14,1fe9f22e-0f85-4ea3-82cb-96171500e31d,Black Bass x1,,63108,0,0,0,0,0,0,,,,
Ethan,14,d8f3bc00-e7e0-47c1-9236-775aed16e2b4,Rifle Ammo x5,,63108,0,0,0,0,0,0,,,,
Ethan,14,56afe749-a0fb-4447-aaed-e79cf790af76,Ornate Necklace x1,chest,63108,0,0,0,0,0,0,,treasure,,
Ethan,14,0ea6109c-e826-450b-9e1d-90026e7a40a9,Ruby x1,,63108,0,0,0,0,0,0,dlc,,,
Ethan,14,90bc4717-a8f5-4c24-b830-8aa74ceb549a,Emerald x1,,63103,0,0,0,0,0,0,,,,
Ethan,14,a71d05a3-9c92-41b1-be85-0b3a80aae46e,Crystal Ore x1,,64101,0,0,0,0,0,0,,,,
Ethan,14,eabf2697-201a-48b1-afcb-482e553a7860,Yellow Herb x1,,64101,0,0,0,0,0,0,,,,
Ethan,14,2a7c783a-9f01-4708-ba59-588b7fff7408,Spinel x1,,64101,0,0,0,0,0,0,dlc,,,
Ethan,14,a4484001-f512-48cb-95cd-d74509e7e48f,Submachine Gun Ammo x30,,64103,0,0,0,0,0,0,,,,
Ethan,14,62c80fba-3b0b-4775-88b4-6febd90a35fe,Heavy Grenade x1,,64200,0,0,0,0,0,0,,,,
Ethan,14,2808c16c-86b0-4554-852b-930eb45c858a,Gold Bar (L) x1,chest,64103,0,0,0,0,0,0,,treasure,,
Ethan,14,1298c3e6-09f4-456f-b36e-41b801d62408,Gunpowder x5,,64200,0,0,0,0,0,0,,,,
Ethan,14,e97cc3bc-ab16-4fc5-9b98-8d85005d8cc5,Handgun Ammo x15,,64103,0,0,0,0,0,0,,,,
Ethan,14,799d3a79-17b3-40cc-b3d2-5fc3d96f7ab4,First Aid Spray x1,,64104,0,0,0,0,0,0,,,,
Ethan,14,d95c2e31-f161-4a02-898d-3a3b89c14fac,Gunpowder x5,,64104,0,0,0,0,0,0,,,,
Ethan,14,93e5770b-468e-4c6f-908c-afdb0a25d105,Rhinoceros Beetle x1,,65100,0,0,0,0,0,0,,,,
Ethan,14,263451ab-ea46-48e1-a50f-0904d837875a,Green Herb x1,,65100,0,0,0,0,0,0,,,,
Ethan,14,c6df4c1d-913a-401a-b6e2-39e81dc103ed,Red Herb x1,,65100,0,0,0,0,0,0,,,,
Ethan,14,1ac72d04-6f62-40ac-82dc-16ed6ba841b3,Green Herb x1,,65100,0,0,0,0,0,0,,,,
Ethan,14,921d21d5-4bb6-409c-81a3-3459583628ae,Green Herb x1,,65100,0,0,0,0,0,0,,,,
Ethan,14,13c867f0-d5f6-4a43-86ed-94aacbcd19c1,Yellow Herb x1,,65100,0,0,0,0,0,0,,,,
Ethan,14,9afde0a2-b6b9-46e8-b8dc-3d9b15b1f4fd,Fighting Knife x0,boss,65100,0,0,0,0,0,0,,treasure weapon,,
Ethan,14,6e54747d-c332-4d2f-9fc1-0f70857b8e92,Red Herb x1,,65100,0,0,0,0,0,0,,,,
Ethan,14,b6cf3f6d-62bc-4add-a337-dc44ba319b27,Boot Knife x1,,65100,0,0,0,0,0,0,,,,
Ethan,15,f8c096fd-12ce-4024-af5a-4ffa2ae3912a,Red Beryl x1,,66101,0,0,0,0,0,0,,,,
Ethan,15,292f6cd8-51c4-4503-889b-a1f806238482,First Aid Spray x1,,66102,0,0,0,0,0,0,,,,
Ethan,15,70e6807e-c283-4feb-983a-289bdeb5c23f,Yellow Herb x1,,66102,0,0,0,0,0,0,,,,
Ethan,15,fe1dd827-58e5-42fc-a4e4-6f98d6ecc97a,Velvet Blue x1,,66102,0,0,0,0,0,0,,,,
Ethan,15,e370f363-2813-49be-a93b-48f22b48c2ee,Rifle Ammo x5,,66102,0,0,0,0,0,0,,,,
Ethan,15,0d2f18bb-13d0-4642-a417-c84b073ebd15,Gunpowder x4,,66102,0,0,0,0,0,0,,,,
Ethan,15,e5e95245-ebb8-467f-9335-4ce4d7c37312,Green Herb x1,,66102,0,0,0,0,0,0,,,,
Ethan,15,9ff34cd8-d58d-457c-b506-8e5808ae93eb,Gunpowder x5,,66102,0,0,0,0,0,0,,,,
Ethan,15,3e51d205-2907-4b41-a607-bfdad05eb8c0,Rifle Ammo x5,,66103,0,0,0,0,0,0,,,,
Ethan,15,d61be15f-eadd-41ad-81d8-a23efccfb893,Submachine Gun Ammo x30,,66103,0,0,0,0,0,0,,,,
Ethan,15,b981743e-300f-4223-9b7f-815d74d79eb5,Shotgun Shells x3,,66103,0,0,0,0,0,0,,,,
Ethan,15,905a7184-92f4-4644-954e-5f70368f0576,Staff of Royalty x1,chest,66105,0,0,0,0,0,0,,treasure,,
Ethan,15,3c402dd5-5796-47e1-8790-058abf53f11e,Red Herb x1,,66103,0,0,0,0,0,0,,,,
Ethan,15,3aeef433-69aa-45fb-8a9a-441bdf977110,Green Herb x1,,66103,0,0,0,0,0,0,,,,
Ethan,16,8e862ef0-43b9-4a72-917c-e9aa7268dc51,Resource (Large) x1,,67101,0,0,0,0,0,0,,,,
Ethan,16,df02f0a7-ca67-4456-aa97-5627a1738da9,Hand Grenade x1,,67102,0,0,0,0,0,0,,,,
Ethan,16,fddb0b32-bbd3-46cc-a135-1da61a93bd00,Silver Token x1,,67103,0,0,0,0,0,0,dlc,,,
Ethan,16,9a2c0852-89ab-43cd-927b-fdcdddf21605,Splendid Bangle x1,chest,67102,0,0,0,0,0,0,,treasure,,
Ethan,16,6bf21f7a-18ce-402c-aa39-78ce08b1b1d4,Shotgun Shells x3,,67104,0,0,0,0,0,0,,,,
Ethan,16,ed03ef0a-22ec-48df-9f7a-1128e5f63141,Rifle Ammo x10,,67501,0,0,0,0,0,0,,,,
Ethan,16,832d0bc7-c340-4913-8088-eebd57137d2b,Handgun Ammo x15,,67200,0,0,0,0,0,0,,,,
Ethan,16,d5bf8824-d3be-4cfd-9f44-aff5f0c9e9f3,Gunpowder x4,,67400,0,0,0,0,0,0,,,,
Ethan,16,a1f8e206-75dd-4ca0-ae84-76f79158fb0e,Red Herb x1,,67501,0,0,0,0,0,0,,,,
Ethan,16,e6f0f637-719f-4ac1-9de7-90d4c613cde7,Yellow Herb x1,,67200,0,0,0,0,0,0,,,,
Ethan,16,633af36b-d0e9-4584-9e99-5f0f5255adcb,Rifle Ammo x4,,67200,0,0,0,0,0,0,,,,
Ethan,16,b161d18b-5bcc-4c2e-ba58-91b71bda1159,Gunpowder x2,,67500,0,0,0,0,0,0,,,,
Ethan,16,115017c0-1b1d-4abb-ad03-b06ebc444ffd,Red Beryl x1,,68100,0,0,0,0,0,0,dlc,,,
Ethan,16,c4f23ca5-dbda-4771-a959-945c3d5e5557,Black Bass x1,,67200,0,0,0,0,0,0,,,,
Ethan,16,388a7118-4e62-467e-9ef4-d6cb1e947096,Iluminados Pendant x1,,68300,0,0,0,0,0,0,,,,
Ethan,16,3947f6b8-d3d7-40cf-87ff-8887a2a6752b,Gunpowder x5,,68300,0,0,0,0,0,0,,,,
Ethan,16,f39b6aa4-06f3-4ab5-ba0e-199b9edf898f,Gunpowder x5,,68205,0,0,0,0,0,0,,,,
Ethan,16,5964abdd-a23f-4359-bd1b-e5d120c9b204,Gold Ingot x1,chest,68206,0,0,0,0,0,0,,treasure,,
Ethan,16,6886071c-00b4-4645-b878-a9cfb34400f7,Rifle Ammo x4,,68201,0,0,0,0,0,0,,,,
Ethan,16,2f4adc6f-5f68-4cbd-b47d-c185cbaa5efa,Resources (Small) x1,,68201,0,0,0,0,0,0,,,,
Ethan,16,2a64a812-dbd7-492e-9358-54ca01b252ee,First Aid Spray x1,,68105,0,0,0,0,0,0,,,,
Ethan,16,6d8d94c6-a45b-40a3-be9b-a532a0e7c4b8,Velvet Blue x1,,68103,0,0,0,0,0,0,,,,
Ethan,16,35df0931-7853-4507-b01e-7ba9a5bdbea5,Spinel x1,,68205,0,0,0,0,0,0,dlc,,,
Ethan,16,5e33dd27-e9db-425a-8e13-7e7fc7b09846,Green Herb x1,,69900,0,0,0,0,0,0,,,,
Ethan,16,4e576b19-e0c4-4b93-9622-7b586488f97d,Green Herb x1,,69900,0,0,0,0,0,0,,,,
Ethan,16,fc721943-69b6-4bba-b199-df5369f5b6f6,Rifle Ammo x5,,69900,0,0,0,0,0,0,,,,
Ethan,16,6fac3eaa-2379-4ff9-8967-1c2700ab7f2f,Shotgun Shells x5,,69900,0,0,0,0,0,0,,,,
Ethan,16,ec944ebb-c639-40df-8ff8-13196b525165,Submachine Gun Ammo x50,,69900,0,0,0,0,0,0,,,,
Ethan,16,bba61970-8ba1-4b32-a4cb-273315f2654b,Gunpowder x5,,69900,0,0,0,0,0,0,,,,
Ethan,16,587ac22b-e939-4af7-b94a-93f80dec9053,Red Herb x1,,69900,0,0,0,0,0,0,,,,
Ethan,16,7372b543-3e9a-47af-b9e3-d1f406b44542,Red Herb x1,,69900,0,0,0,0,0,0,,,,
Ethan,16,a57b648e-5c97-4fdf-b688-495c43f3e8a4,Resource (Large) x1,,69900,0,0,0,0,0,0,,,,
Ethan,16,0b35ad2f-dfbe-4ed9-ae8b-6eb2db38be1d,Handgun Ammo x20,,69900,0,0,0,0,0,0,,,,
Ethan,16,91abe668-817c-464e-83fe-9190d005f1ef,Resources (Small) x1,,69900,0,0,0,0,0,0,,,,
Ethan,16,456f073f-64d6-4feb-90be-83834908642c,Gunpowder x5,,69900,0,0,0,0,0,0,,,,
Ethan,16,61632eb0-c5da-4008-b426-e7a93376f634,Special Rocket Launcher x1,,69100,0,0,0,0,0,0,preserve,,,
,,,,,,,,,,,,,,,
,,,,,,,,,,,,,,,
,,,,,,,,,,,,,,,
Mia,1,45c75e2f-916e-47c5-b1c7-c8f81c730be2,Splendid Bangle x1,,50300,0,0,0,0,0,0,,,,
Mia,1,e2e7f227-3993-43e9-b56f-7303e07de0a2,Elegant Headdress x1,,50300,0,0,0,0,0,0,,,,
Mia,1,43d4bd3b-803b-42c8-87f5-8b9ad4a00f1f,Ruby x1,,50202,0,0,0,0,0,0,,,,
Mia,1,4d63eb8c-ec41-47f4-9e4e-2bf701ad336c,SW - SR M1903 x5,,50300,0,0,0,0,0,0,,,,
Mia,1,3975acec-3a35-4348-8667-684ef846de50,Gold Bar x1,,50300,0,0,0,0,0,0,,,,
Mia,1,d67b3846-9fa6-4d2e-9c06-aa41bc0e6d82,Scope x1,,50300,0,0,0,0,0,0,,,,
Mia,1,025e7a6c-c1f0-4fb7-b8c7-c7293393a3ee,Handgun Ammo x15,,50300,0,0,0,0,0,0,,,,
Mia,1,fe6012bd-6f79-4562-9bac-ee67c362cb54,Gunpowder x3,,50300,0,0,0,0,0,0,,,,
Mia,1,50ee4514-d19b-461d-9ab0-d1bb4b4ed06b,Green Herb x1,,50300,0,0,0,0,0,0,,,,
Mia,1,fd20c1f4-7e0b-4d65-b7db-f058002689f3,Handgun Ammo x13,,50100,0,0,0,0,0,0,,,,
Mia,1,949afc32-3fc2-45dc-91c5-c55bb31fb455,Green Herb x1,,50501,0,0,0,0,0,0,,,,
Mia,1,1ef614f8-765e-4612-a157-5a15a53276b1,Hand Grenade x1,,50300,0,0,0,0,0,0,,,,
Mia,1,613c1f23-35b1-40f0-927c-f94bc4150298,Flash Grenade x1,,50300,0,0,0,0,0,0,,,,
Mia,1,7cc26efe-e75a-4702-a8bb-e19cf44ebed8,Submachine Gun Ammo x20,,50401,0,0,0,0,0,0,,,,
Mia,2,410fd0d9-16fd-403b-8cc6-053a6d3e2054,Resource (Large) x1,,43850,0,0,0,0,0,0,chapteronly,,,
Mia,2,cfaec85e-1ca9-4d4a-bd5c-97f73dffd843,Green Herb x1,,43311,0,0,0,0,0,0,chapteronly,,,
Mia,2,1a36c212-857f-45b3-9aec-0bea7d69a8ae,Kitchen Knife x1,,43311,0,0,0,0,0,0,chapteronly,,,
Mia,2,615fa95b-4212-41ea-bc7b-35ed2e3fe100,Yellow Herb x1,,47100,0,0,0,0,0,0,chapteronly,,,
Mia,2,a086be7e-f9f6-432b-931d-9a85ca51b6d1,Red Gemstone Ring x1,,47101,0,0,0,0,0,0,chapteronly,,,
Mia,2,3e5fa6ab-246f-4537-a45f-df6bce26f201,Flagon x1,,43301,0,0,0,0,0,0,chapteronly,,,
Mia,2,2f250ede-3624-4c32-a912-72d422b95ca4,Kitchen Knife x1,,47101,0,0,0,0,0,0,,,,
Mia,2,76043ef0-fce5-40fa-bdba-89818f3ac192,Red Herb x1,,47101,0,0,0,0,0,0,,,,
Mia,2,072a7dfe-1417-4935-99ba-df41798783d6,Handgun Ammo x8,,47101,0,0,0,0,0,0,,,,
Mia,2,c338035b-69a2-49b7-974a-19fcb48e7e8c,Green Herb x1,,47101,0,0,0,0,0,0,,,,
Mia,2,79e7e993-fd49-4961-a149-687aafd68128,Red Herb x1,,43300,0,0,0,0,0,0,,,,
Mia,2,e4351406-9e04-4fd2-9ab8-d61df52c2010,Green Herb x1,,43300,0,0,0,0,0,0,,,,
Mia,2,743c865b-3a08-438e-bd6f-afd7b9f2ad55,Green Herb x1,,43300,0,0,0,0,0,0,,,,
Mia,2,25fc1a64-aa12-47c8-89c5-3b2518590ea1,Green Herb x1,,43300,0,0,0,0,0,0,,,,
Mia,2,4a537393-418c-46e0-b27f-5d77e7de7ca5,Gunpowder x3,,45401,0,0,0,0,0,0,,,,
Mia,2,ea4824f0-9d61-4bb5-945b-bdd5bab1b3d3,Yellow Herb x1,,45200,0,0,0,0,0,0,,,,
Mia,2,86e78d4b-1b51-4140-85b8-139d4d6ee03e,Ruby x1,,45200,0,0,0,0,0,0,,,,
Mia,2,32174b78-f82a-4e6f-8611-f7b7a427fa50,Hand Grenade x1,,40210,0,0,0,0,0,0,,,,
Mia,2,98b1e89d-0315-4c89-a84d-d31218308cb5,Shotgun Shells x3,,40210,0,0,0,0,0,0,,,,
Mia,2,c7b7f949-343a-44ba-b4b5-6d03119c2e0c,Flash Grenade x1,,40211,0,0,0,0,0,0,,,,
Mia,2,f9b098bd-8831-4213-a2c3-9d455d1bfbab,Elegant Perfume Bottle x1,,40200,0,0,0,0,0,0,,,,
Mia,2,0d03f92d-e84f-440b-98ad-d15343c6214d,Gold Bangle x1,,40210,0,0,0,0,0,0,,,,
Mia,2,80ed1b0b-a5c3-4f48-a1e4-201fd5fb2ce3,Red Herb x1,,44110,0,0,0,0,0,0,,,,
Mia,2,476f4e28-6e19-4d8e-8ead-2281077d0e9d,Gunpowder x2,,44110,0,0,0,0,0,0,,,,
Mia,2,4e4db83b-fa18-4c90-896e-5bdd7e5f80ac,Extravagant Clock x1,,44110,0,0,0,0,0,0,,,,
Mia,2,6826f7ec-d290-4b93-9ac0-cc4f8d1bab87,Brown Chicken Egg x1,,44110,0,0,0,0,0,0,,,,
Mia,2,c1443b60-7a21-4b38-ae36-2315470d5028,Green Herb x1,,44110,0,0,0,0,0,0,,,,
Mia,2,60f23ed6-0557-4d16-830a-dcf168a32608,Hand Grenade x1,,44110,0,0,0,0,0,0,,,,
Mia,2,95f4eed5-fe55-4713-a56f-ae8b3cf3a4d5,Red Beryl x1,,44101,0,0,0,0,0,0,,,,
Mia,2,418c82b4-4d76-4748-916c-eda9e1afc07b,First Aid Spray x1,,40213,0,0,0,0,0,0,chapteronly,,,
Mia,2,48272531-6b9c-4ed6-8694-c6b2fe7e421e,Handgun Ammo x10,,40213,0,0,0,0,0,0,chapteronly,,,
Mia,2,24270303-25f1-476b-a128-0f342bd3351e,Gunpowder x5,,40212,0,0,0,0,0,0,chapteronly,,,
Mia,2,a27e84ba-699d-411c-8f2e-938843635ca5,Green Herb x1,,40200,0,0,0,0,0,0,chapteronly,,,
Mia,2,6ba1c78b-aaca-4007-b4b9-c47c1804c18e,Velvet Blue x1,,40213,0,0,0,0,0,0,chapteronly,,,
Mia,2,eb93d2a6-b5bc-4cea-8eb8-c857c9f293ba,Sapphire x1,,40211,0,0,0,0,0,0,chapteronly,,,
Mia,3,893c3568-586e-436b-aed3-26715a9d1a23,Submachine Gun Ammo x40,,44410,0,0,0,0,0,0,chapteronly,,,
Mia,3,05029438-496b-4178-9570-c5c6bd4f6934,Yellow Herb x1,,44410,0,0,0,0,0,0,chapteronly,,,
Mia,3,d643f30d-17ac-4672-814b-a00cc1c8d918,SW - Hidden Key x1,,44110,0,0,0,0,0,0,chapteronly,,,
Mia,3,508be5ac-011c-484f-8ec7-05cc8b3c50dc,Gunpowder x5,,44200,0,0,0,0,0,0,chapteronly,,,
Mia,3,5131a918-4a99-437a-b5dd-422e9dfce1e6,Shotgun Shells x2,,44200,0,0,0,0,0,0,chapteronly,,,
Mia,3,70e1a50f-1af8-4859-9edc-eb883d38f39f,Emerald x1,,44300,0,0,0,0,0,0,chapteronly,,,
Mia,3,ebb8ff7d-303d-40c5-882f-01956f6d72db,Kitchen Knife x1,,44210,0,0,0,0,0,0,chapteronly,,,
Mia,3,210f3a22-9dff-4fbe-a64b-939cfa816d47,Handgun Ammo x10,,44210,0,0,0,0,0,0,chapteronly,,,
Mia,3,3f83fac8-0cbc-480a-b9b8-6204ab08c796,Resource (Large) x1,,44210,0,0,0,0,0,0,chapteronly,,,
Mia,3,aba983d8-1d8f-4484-a229-2fa02a0ef614,Submachine Gun Ammo x20,,44210,0,0,0,0,0,0,chapteronly,,,
Mia,3,ed584e69-16c1-4ce2-a316-2e421c5fdd8e,Gold Bar x1,,44210,0,0,0,0,0,0,chapteronly,,,
Mia,3,6ea3683d-a959-4056-ae1a-dfa519cf7b08,SW - Blast Crossbow x1,,44210,0,0,0,0,0,0,chapteronly,,,
Mia,3,f2e2f96c-4745-419f-ba00-5fff489c3103,Gold Bar x1,,44210,0,0,0,0,0,0,chapteronly,,,
Mia,3,4c8dc8ee-86cd-4112-b827-06dfbb6c2cb6,SW - Blast Arrows x2,,44210,0,0,0,0,0,0,chapteronly,,,
Mia,3,f3ab3626-c5d2-4861-881d-68af1b76ad6f,Yellow Diamond x1,,43300,0,0,0,0,0,0,chapteronly,,,
Mia,3,18b9a0ea-9093-42ba-92c4-ad650d506128,Shotgun Shells x4,,43310,0,0,0,0,0,0,chapteronly,,,
Mia,3,e89b4897-3c96-48fa-9aeb-b6c2d41e2c7d,SW - Blast Arrows x2,,43310,0,0,0,0,0,0,chapteronly,,,
Mia,3,7f4b37c0-15dd-4d11-8fb2-55791cde4efc,Pearl Pendant x1,,43300,0,0,0,0,0,0,chapteronly,,,
Mia,3,c8829c7c-7c38-4a0b-b4ed-7fefacfeb14f,Sapphire x1,,43310,0,0,0,0,0,0,chapteronly,,,
Mia,3,5d7f2a51-fa08-447c-8798-1062dde078d6,Kitchen Knife x1,,43310,0,0,0,0,0,0,chapteronly,,,
Mia,3,ab93bbc5-b9da-42b0-bdb8-8722373a6af2,Gold Chicken Egg x1,,40210,0,0,0,0,0,0,chapteronly,,,
Mia,3,fcf23153-7393-4e59-9476-e1ce5236cb86,Antique Pipe x1,,40200,0,0,0,0,0,0,chapteronly,,,
Mia,3,344644ad-eadb-4eb0-b815-401c2bdbe026,Flash Grenade x1,,40200,0,0,0,0,0,0,chapteronly,,,
Mia,4,222652e7-e074-45d0-9ec8-9cecfaf42547,Gold Bar (L) x1,,51858,0,0,0,0,0,0,,,,
Mia,4,5919accd-e213-4638-8088-6b191e7558dd,Velvet Blue x1,,51502,0,0,0,0,0,0,,,,
Mia,4,0aa06baa-f49d-43e2-8940-fe8d61a67b75,Vintage Compass x1,,51856,0,0,0,0,0,0,,,,
Mia,4,eb322cf1-3ad5-4631-b80c-a13b63c63e3e,Ornate Necklace x1,,51856,0,0,0,0,0,0,,,,
Mia,4,0f9d9460-8e54-4bbd-8fc1-9c13c5495cc6,Elegant Chessboard x1,,51857,0,0,0,0,0,0,,,,
Mia,4,56a7052f-92d1-4695-82a1-161079861793,Alexandrite x1,,51857,0,0,0,0,0,0,,,,
Mia,4,d0d93469-d982-4285-92c5-375346576410,Red Beryl x1,,51100,0,0,0,0,0,0,,,,
Mia,4,a6ff4c39-6de8-4614-b472-9dedd450a19b,Velvet Blue x1,,51101,0,0,0,0,0,0,,,,
Mia,4,a3ab4a53-2e30-4fa8-a413-3ce6106130ae,Butterfly Lamp x1,,51200,0,0,0,0,0,0,,,,
Mia,4,67b51540-1ab4-4eb2-99cc-5096f652b79a,Sapphire x1,,51202,0,0,0,0,0,0,,,,
Mia,4,d0ce4a1d-a9e8-4c00-a0a1-de2c52bde581,Ruby x1,,51612,0,0,0,0,0,0,,,,
Mia,4,c9731098-f7d5-4af0-bae4-505f03b7d9ef,Golden Hourglass x1,,51600,0,0,0,0,0,0,,,,
Mia,4,d5fd6ea3-f193-468d-bd41-bd9e4794d983,Yellow Diamond x1,,51870,0,0,0,0,0,0,,,,
Mia,4,d1dc2c32-1b83-41a4-8f3f-9dd2345d6c60,Green Herb x1,,51858,0,0,0,0,0,0,,,,
Mia,4,73ca1189-1557-4c31-859f-0971b6a64cd3,Green Herb x1,,51101,0,0,0,0,0,0,,,,
Mia,4,50228a8e-58c2-410a-a3d8-62a3d7c93bef,SW - Red Ink x1,,51502,0,0,0,0,0,0,,,,
Mia,4,94f0e9f2-8eb0-44b8-9de5-0adceb02b019,SW - Lithographic Stone A x1,,51504,0,0,0,0,0,0,,,,
Mia,4,8fefc946-0e4d-4487-b663-1a18834154da,SW - Lithographic Stone B x1,,51503,0,0,0,0,0,0,,,,
Mia,4,4f91c133-5060-4468-8e44-95b793a12609,Red Herb x1,,51502,0,0,0,0,0,0,,,,
Mia,4,cc7ae9a3-231a-4b83-897a-e7264314767c,Handgun Ammo x20,,51502,0,0,0,0,0,0,,,,
Mia,4,a4245d38-dc4e-4d90-8464-0f6657e740b5,Flash Grenade x1,,51851,0,0,0,0,0,0,,,,
Mia,4,f658279d-b07e-4b16-9abc-df71df41ca4e,Handgun Ammo x15,,51854,0,0,0,0,0,0,,,,
Mia,4,16c8c355-25e1-47a8-86d9-abfdfc50de29,Crimson Lantern x1,,51855,0,0,0,0,0,0,,,,
Mia,4,6dbeb1b0-d633-4f5b-bdac-7dc4a2fdb220,SW - Gold Bottle x1,,51857,0,0,0,0,0,0,,,,
Mia,4,5b059f6b-23b1-4029-897b-aebd20de245c,SW - Silver Bottle x1,,51856,0,0,0,0,0,0,,,,
Mia,4,db57bc4e-62ee-4981-8aca-78414da02449,Gunpowder x5,,51857,0,0,0,0,0,0,,,,
Mia,4,a10ccc01-7196-4876-8370-1351dff856c5,Resource (Large) x1,,51857,0,0,0,0,0,0,,,,
Mia,4,9dc2d4f2-4a37-41d5-a299-5c303ad217d1,Resource (Large) x1,,51200,0,0,0,0,0,0,,,,
Mia,4,d3f65b37-d011-490e-b3ec-8a460464ef27,Flash Grenade x1,,51200,0,0,0,0,0,0,,,,
Mia,4,38950868-0076-4fff-84fe-579198798383,Gunpowder x5,,51200,0,0,0,0,0,0,,,,
Mia,4,b16f0056-3602-441b-9d2b-cd2e29c55d09,Flash Grenade x1,,51301,0,0,0,0,0,0,,,,
Mia,4,453aa7cd-e4fb-468b-87a9-34976484162f,SW - Blue Butterfly x1,,51870,0,0,0,0,0,0,,,,
Mia,4,e5c16780-6a5f-4965-a00e-ffa6189787f9,Yellow Herb x1,,51600,0,0,0,0,0,0,,,,
Mia,5,1efcfa43-58b3-4478-83f6-d211f27e011d,Pearl Bangle x1,,51600,0,0,0,0,0,0,chapteronly,,,
Mia,5,895995dd-b09f-43a6-a992-28cdd5e1b18b,Elegant Crown x1,,51610,0,0,0,0,0,0,chapteronly,,,
Mia,5,67b6599a-781e-4bdf-b879-49792f1d30b0,Shotgun Shells x3,,51611,0,0,0,0,0,0,chapteronly,,,
Mia,5,cca26426-8cc9-4af0-be57-3ff820448184,Alexandrite x1,,55851,0,0,0,0,0,0,,,,
Mia,5,6c4f5f12-401c-424b-b525-d1508a069fd7,Mirror with Pearls & Rubies x1,,55851,0,0,0,0,0,0,,,,
Mia,5,55d2568b-afe9-4617-9ca1-0981c25054fe,Resources (Small) x1,,55854,0,0,0,0,0,0,,,,
Mia,5,7bb53159-3abf-4c2e-9cbd-c4d5fe4b080d,Ruby x1,,55851,0,0,0,0,0,0,,,,
Mia,5,a2d99295-23e7-4751-ba58-016240042821,Green Herb x1,,55854,0,0,0,0,0,0,,,,
Mia,5,cdd56408-d1c7-43b2-af47-2a291e993ff5,Gunpowder x10,,55854,0,0,0,0,0,0,,,,
Mia,5,756b05ed-93c6-4fb6-ad25-a33b55bfeecd,SW - Blast Arrows x3,,55854,0,0,0,0,0,0,,,,
Mia,5,397ca978-2af0-46ba-9063-2fc62f8efe58,Yellow Herb x1,,55851,0,0,0,0,0,0,,,,
Mia,5,356c6233-61f9-4671-b413-a30a2c09b580,First Aid Spray x1,,55854,0,0,0,0,0,0,,,,
Mia,5,2ce83af2-8692-4b98-baaa-cc8d1f450166,Yellow Diamond x1,,55852,0,0,0,0,0,0,,,,
Mia,5,39542645-5869-4499-8c96-fad8d7dbedbf,Gunpowder x5,,55852,0,0,0,0,0,0,,,,
Mia,5,94aab263-2991-48f3-a434-f45bfad27e93,Biosensor Scope x1,,55852,0,0,0,0,0,0,,,,
Mia,5,8456c29f-744a-4575-85f4-8b550a58596a,Gold Bar x1,,55852,0,0,0,0,0,0,,,,
Mia,5,abdb96fa-9e70-4730-9e59-133347347bdb,Resource (Large) x1,,55852,0,0,0,0,0,0,,,,
Mia,5,97f1dcb5-b6b1-4cd9-8406-1517a26c51b8,SW - Blast Arrows x2,,55851,0,0,0,0,0,0,,,,
Mia,5,d43deae3-86d9-4e12-be72-c3c5c57fb1f3,Handgun Ammo x15,,55851,0,0,0,0,0,0,,,,
Mia,5,6772c7a4-3ad1-4ea0-9015-43a1ab6ee096,Gunpowder x5,,55853,0,0,0,0,0,0,,,,
Mia,5,5ef8f109-22db-426f-ae24-c8d7c303439a,Gold Bar (L) x1,,55852,0,0,0,0,0,0,,,,
Mia,5,8d7803ec-e58d-491f-a9dc-7a92c4f27e4f,Gunpowder x5,,55854,0,0,0,0,0,0,,,,
Mia,5,b3f01b65-ff87-492b-b6b2-92577b371fa7,Velvet Blue x1,,55850,0,0,0,0,0,0,,,,
Mia,5,9fcfe994-4753-426c-a097-05a616dd2d11,SW - Housekeeper's Barrette x1,,55860,0,0,0,0,0,0,,,,
Mia,5,e3db2dd5-155d-4b2a-8234-cdd1a53ed2c9,Green Herb x1,,55860,0,0,0,0,0,0,,,,
Mia,5,b5f865a4-95ce-4114-92ee-fa40b32d92fd,Emerald x1,,56850,0,0,0,0,0,0,,,,
Mia,5,3d5ae1ea-fb8a-4a45-ab3f-1a16044228ef,Depraved Idol x1,,56851,0,0,0,0,0,0,,,,
Mia,5,58b79b46-b837-4add-833b-91990875dccb,SW - Blast Arrows x2,,56851,0,0,0,0,0,0,,,,
Mia,5,58d09f7f-ae17-4867-9102-d272fd4f8a24,Red Herb x1,,56851,0,0,0,0,0,0,,,,
Mia,5,a53df4be-926a-4e05-97f0-45ba14898311,Flash Grenade x1,,56851,0,0,0,0,0,0,,,,
Mia,5,faeaccc5-0e37-48fc-96ac-0486b33f28b5,Flash Grenade x1,,56851,0,0,0,0,0,0,,,,
Mia,5,27f30038-019b-48bc-890d-d8103f160482,SW - Boat Key x1,,56302,0,0,0,0,0,0,,,,
Mia,5,1111470c-3f07-4da2-bc62-2289ec1c4940,Brass Pocket Watch x1,,56300,0,0,0,0,0,0,,,,
Mia,6,4a8b1a74-450b-4614-8b6a-04e5f7ceabdb,Handgun Ammo x10,,64101,0,0,0,0,0,0,,,,
Mia,6,40f0e3f7-f5d8-4d61-92b5-e8587b3a4d8d,Gunpowder x5,,64100,0,0,0,0,0,0,,,,
Mia,6,bfc352fb-f6c9-48d0-ad87-5ee27e58f318,Yellow Herb x1,,64100,0,0,0,0,0,0,,,,
Mia,6,05a803b8-6ccf-4161-a2b9-27ae7c0e06a9,Alexandrite x1,,64101,0,0,0,0,0,0,,,,
Mia,6,d76facc9-e57e-4cee-a2cb-31283444a0db,Crystal Ore x1,,64101,0,0,0,0,0,0,,,,
Mia,6,5fc27ef7-3afe-4800-b570-0deb47a01d6f,Red Beryl x1,,62200,0,0,0,0,0,0,,,,
Mia,6,4a5a4296-8d9a-4c9a-a050-91ea2a143114,Green Herb x1,,62201,0,0,0,0,0,0,,,,
Mia,6,b21243eb-9548-4cf7-a363-03648bf28ab4,Gold Ingot x1,,61505,0,0,0,0,0,0,,,,
Mia,6,90278716-e791-4828-903f-e01b701a0b2a,Rifle Ammo x5,,61202,0,0,0,0,0,0,,,,
Mia,6,53dfe30a-8368-420c-aba9-d07a0dcf45d3,Rifle Ammo x5,,61500,0,0,0,0,0,0,,,,
Mia,6,1f03a380-4a69-4916-916e-3c9f978f3ffb,Rifle Ammo x5,,61201,0,0,0,0,0,0,,,,
Mia,6,3c851e79-7650-41fa-931f-bb051ea2a1cc,Gunpowder x5,,61400,0,0,0,0,0,0,,,,
Mia,6,7aa00418-e40d-46c9-b835-82e6d2e0d219,Velvet Blue x1,,61400,0,0,0,0,0,0,,,,
Mia,6,b58f6e91-9d6a-46c7-9498-c5915f432b9e,Gunpowder x3,,61203,0,0,0,0,0,0,,,,
Mia,6,8ddeeaf3-99d9-44a6-af3a-4055a599bd23,Gunpowder x5,,61503,0,0,0,0,0,0,,,,
Mia,6,dd53b403-cfac-4448-a07a-dc853bd7ff94,Gunpowder x5,,61201,0,0,0,0,0,0,,,,
Mia,6,a94dae0e-538b-4543-9246-994357033beb,Resource (Large) x1,,61204,0,0,0,0,0,0,,,,
Mia,6,60ca4db1-b4b3-4b0b-9483-28d94362f687,Resources (Small) x1,,61850,0,0,0,0,0,0,,,,
Mia,6,a09fb637-f24e-4484-9e6c-056e0d5bce24,Black Bass x1,,61500,0,0,0,0,0,0,,,,
Mia,6,31541073-bc19-4b0f-b972-ad2610591f47,Green Herb x1,,61201,0,0,0,0,0,0,,,,
Mia,6,7986bd5b-e577-4a2e-84f7-f5eb4ac76c20,Ornate Beetle x1,,61400,0,0,0,0,0,0,,,,
Mia,6,c94bbd1b-4926-4a3a-aedf-af77d6ef48d6,Golden Lynx x1,,61500,0,0,0,0,0,0,,,,
Mia,6,8e552689-402c-4ae6-accc-b8d187077199,Green Herb x1,,60860,0,0,0,0,0,0,,,,
Mia,6,3e13c2a4-f16d-412e-833c-dcc1fd3740d5,Gold Bar (L) x1,,60860,0,0,0,0,0,0,,,,
Mia,6,ac01c531-b2c9-4228-95ff-962b1e273c5b,Ornate Necklace x1,,60875,0,0,0,0,0,0,,,,
Mia,6,92cb2a63-a311-44a6-bb49-9bb98492afc1,Sapphire x1,,60871,0,0,0,0,0,0,,,,
Mia,6,aae57c4d-826c-4802-a398-67af7c07ea67,Handgun Ammo x10,,60860,0,0,0,0,0,0,,,,
Mia,6,03947b10-5cba-4769-978b-6eca4074b3b6,Rifle Ammo x8,,60850,0,0,0,0,0,0,,,,
Mia,6,4ee92052-e11d-4281-90f8-3fa50de3baaa,Handgun Ammo x5,,60860,0,0,0,0,0,0,,,,
Mia,7,87f3632d-2338-40a4-96b7-46e450f184af,Green Herb x1,,69100,0,0,0,0,0,0,chapteronly,,,
Mia,7,a4f2d91d-84f6-40da-9711-2be01100d0e4,Rhinoceros Beetle x1,,68206,0,0,0,0,0,0,chapteronly,,,
Mia,7,62a27bae-6555-4dc3-a965-246fceb38ef2,Rifle Ammo x2,,59102,0,0,0,0,0,0,,,,
Mia,7,34eadcc4-09bf-49ba-848b-6d994196eecf,Shotgun Shells x3,,59101,0,0,0,0,0,0,,,,
Mia,7,3268a962-db6c-4370-bb6c-c3105c9dfefc,Gunpowder x5,,59101,0,0,0,0,0,0,,,,
Mia,7,a554e6fd-eb23-4621-9912-f1362d05003d,Flash Grenade x1,,59101,0,0,0,0,0,0,,,,
Mia,7,cf52a8e7-e52c-48f3-a853-e1a29f57fce8,SW - Rocket Launcher Special x1,,69850,0,0,0,0,0,0,preserve,,,
Mia,7,953bba7b-d648-4389-95a2-4c20d90ef5f7,Gunpowder x5,,69900,0,0,0,0,0,0,,,,
Mia,7,403660d5-97bc-4b94-adac-6e313be0a9f1,Flash Grenade x1,,69900,0,0,0,0,0,0,,,,
Mia,7,119b0e91-c771-42d7-bf36-e5af82b36564,Yellow Herb x1,,69900,0,0,0,0,0,0,,,,
Mia,7,063d48a2-a10f-4a9c-abd7-3a822b11d22c,Handgun Ammo x15,,69900,0,0,0,0,0,0,,,,
Mia,7,f4750204-531c-42d3-92ba-ded832e8472b,Green Herb x1,,69850,0,0,0,0,0,0,,,,
Mia,7,3fa9f319-7097-4016-ae30-53bdf75b4a8a,Gunpowder x5,,69850,0,0,0,0,0,0,,,,
Mia,7,3a1011ad-9c80-46c5-9cf1-37c6608b3b73,Flash Grenade x1,,69850,0,0,0,0,0,0,,,,
Mia,7,ee311071-4320-40d6-8634-9b6e950bf614,Heavy Grenade x1,,69850,0,0,0,0,0,0,,,,
Mia,7,1ef623a2-f5c6-4ff4-b56f-d67edd73df1e,Green Herb x1,,69850,0,0,0,0,0,0,,,,
Mia,7,b1cff0de-fa2f-4408-874e-60ad6ef23ea4,Rifle Ammo x4,,69850,0,0,0,0,0,0,,,,
Mia,7,9173b1ca-f8af-4f45-b5a6-de0ab47abc1d,Velvet Blue x1,,69900,0,0,0,0,0,0,,,,
Mia,7,a6fc7f30-7a57-4bda-9c6e-0fe048a220af,First Aid Spray x1,,68205,0,0,0,0,0,0,,,,
Mia,7,451fec81-96d0-48e2-a852-3ecd115934af,First Aid Spray x1,,68101,0,0,0,0,0,0,,,,
Mia,7,4e30fe6a-13c9-49b9-a305-fec2d95b5e85,Boot Knife x1,,68101,0,0,0,0,0,0,,,,
Mia,7,1f600c55-d8c6-4306-a86f-3be7eb1d6cb8,Staff of Royalty x1,,69900,0,0,0,0,0,0,,,,
Mia,7,d6ddc74f-0985-4122-a8b5-64936192a2ad,Justitia Statue x1,,68206,0,0,0,0,0,0,,,,
Mia,7,33f2b14f-3109-4938-8d79-0f94e44c4ea1,Ruby x1,,68203,0,0,0,0,0,0,,,,